ClaimId,TopReasons,FraudScore
10700,"age_at_license (2.38), Exposure (2.31), LicAge (1.78), DrivAge (0.97), RiskArea (0.92)",0.9977765679359436
4579,"age_at_license (2.20), Exposure (2.07), BonusMalus (1.88), VehUsage (1.74), LicAgeYears (0.81)",0.997341811656952
18168,"Exposure (3.77), age_at_license (1.34), ClaimNbNonResp_bucket (1.18), OutUseNb_bucket (1.16), VehUsage (0.88)",0.9973015785217284
18489,"Exposure (3.39), BonusMalus (1.42), age_at_license (1.37), LicAgeYears (1.12), VehUsage (0.78)",0.995421826839447
15539,"Exposure (4.20), LicAge (1.76), LicAgeYears (-1.49), age_at_license (1.22), RiskArea (1.06)",0.9938323497772216
16870,"Exposure (4.09), age_at_license (1.07), LicAge (0.97), LicAgeYears (0.90), BonusMalus (0.60)",0.9931406378746032
17109,"Exposure (3.86), age_at_license (1.76), LicAge (1.70), DrivAge (0.84), LicAgeYears (0.71)",0.9927943348884584
2887,"Exposure (3.13), age_at_license (1.99), LicAge (0.87), DrivAge (0.81), BonusMalus (0.79)",0.9924544095993042
7128,"Exposure (4.47), ClaimNbNonResp_bucket (1.06), RiskArea (0.81), DrivAge (0.78), ClaimNbFireTheft_bucket (0.67)",0.9918014407157898
8037,"age_at_license (2.17), Exposure (2.09), DrivAge (1.57), BonusMalus (1.04), LicAgeYears (0.66)",0.9917346239089966
5401,"Exposure (4.31), LicAge (2.51), age_at_license (2.48), DrivAge (2.08), LicAgeYears (-1.67)",0.9916049242019652
9996,"Exposure (3.13), BonusMalus (1.34), VehUsage (1.32), RiskArea (1.09), LicAge (0.92)",0.9915806651115416
13494,"Exposure (4.03), age_at_license (1.59), LicAge (1.05), BonusMalus (0.92), LicAgeYears (0.84)",0.9915459752082824
5321,"Exposure (3.57), age_at_license (1.95), RiskArea (0.79), ClaimNbResp_bucket (0.79), LicAgeYears (0.60)",0.9914146065711976
18286,"Exposure (3.81), LicAge (2.26), DrivAge (2.15), LicAgeYears (-1.68), ClaimNbNonResp_bucket (0.72)",0.9913238286972046
15106,"Exposure (3.85), age_at_license (1.67), BonusMalus (0.95), ClaimNbParking_bucket (0.83), LicAgeYears (0.82)",0.9912757873535156
11898,"Exposure (2.66), age_at_license (1.56), BonusMalus (1.47), VehUsage (1.02), ClaimNbNonResp_bucket (0.87)",0.9912740588188172
16811,"LicAge (2.57), RiskArea (1.70), OutUseNb_bucket (1.40), ClaimNbParking_bucket (1.03), age_at_license (0.97)",0.9911620616912842
7063,"BonusMalus (2.57), LicAge (1.86), VehUsage (1.81), RiskArea (1.33), Exposure (-0.93)",0.991120994091034
9294,"Exposure (4.78), age_at_license (1.12), LicAge (0.96), LicAgeYears (0.81), ClaimNbResp_bucket (0.75)",0.9910879731178284
18256,"Exposure (2.70), VehUsage (1.78), RiskArea (1.19), BonusMalus (0.96), age_at_license (0.95)",0.9909667372703552
18557,"Exposure (3.82), BonusMalus (1.69), RiskArea (1.43), LicAge (0.97), ClaimNbWindscreen_bucket (0.70)",0.9907591342926024
9299,"Exposure (2.50), BonusMalus (2.27), VehUsage (1.33), DrivAge (0.64), ClaimNbNonResp_bucket (0.64)",0.9906987547874452
15775,"DrivAge (1.61), LicAge (1.46), Exposure (1.35), LicAgeYears (-1.23), age_at_license (1.21)",0.990520477294922
12579,"Exposure (2.40), BonusMalus (2.01), age_at_license (1.70), ClaimNbFireTheft_bucket (1.09), LicAgeYears (0.96)",0.990330934524536
10737,"LicAge (3.17), Exposure (3.04), LicAgeYears (-1.79), ClaimNbNonResp_bucket (1.00), DrivAge (1.00)",0.98997163772583
16006,"LicAge (2.49), DrivAge (1.57), ClaimNbWindscreen_bucket (1.41), Exposure (1.37), LicAgeYears (-1.30)",0.9899370670318604
9655,"age_at_license (2.08), Exposure (2.02), OutUseNb_bucket (1.27), LicAgeYears (0.86), ClaimNbFireTheft_bucket (0.63)",0.9896267652511596
11734,"Exposure (3.34), age_at_license (2.12), BonusMalus (1.26), RiskArea (0.71), DrivAge (0.56)",0.9892926216125488
12512,"Exposure (2.71), age_at_license (1.91), DrivAge (1.30), BonusMalus (1.15), RiskArea (1.01)",0.989074170589447
16000,"LicAge (1.87), age_at_license (1.64), Exposure (1.61), VehUsage (0.99), RiskArea (0.81)",0.98905211687088
16325,"Exposure (3.90), age_at_license (1.31), BonusMalus (0.69), RiskArea (0.58), LicAgeYears (0.49)",0.989010751247406
9301,"Exposure (1.97), age_at_license (1.49), OutUseNb_bucket (1.37), BonusMalus (1.22), LicAge (0.83)",0.988676905632019
18028,"Exposure (2.91), age_at_license (1.24), VehUsage (0.82), ClaimNbResp_bucket (0.74), RiskArea (0.62)",0.9886732697486876
3517,"Exposure (2.58), age_at_license (2.29), VehUsage (1.14), OutUseNb_bucket (0.84), DrivAge (0.80)",0.987785577774048
7106,"Exposure (3.56), LicAge (1.87), BonusMalus (0.94), RiskArea (0.81), age_at_license (0.81)",0.9874653220176696
17785,"Exposure (3.54), ClaimNbWindscreen_bucket (1.21), OutUseNb_bucket (0.77), LicAge (0.64), LicAgeYears (0.64)",0.9874346852302552
19817,"Exposure (2.49), BonusMalus (1.68), RiskArea (1.26), VehUsage (1.22), LicAgeYears (0.94)",0.9871363639831544
312,"LicAge (2.09), Exposure (2.00), age_at_license (1.88), DrivAge (1.61), LicAgeYears (-0.87)",0.986992120742798
7752,"age_at_license (1.83), Exposure (1.71), LicAgeYears (1.16), LicAge (0.93), OutUseNb_bucket (0.76)",0.9869780540466307
9777,"age_at_license (2.14), RiskArea (1.64), BonusMalus (1.51), Exposure (1.50), LicAge (0.70)",0.9863455891609192
17325,"ClaimNbWindscreen_bucket (2.15), Exposure (1.33), LicAgeYears (1.08), RiskArea (0.94), LicAge (0.93)",0.9860510230064392
5616,"Exposure (3.43), LicAge (1.21), ClaimNbWindscreen_bucket (0.81), LicAgeYears (0.80), age_at_license (0.79)",0.985840916633606
19303,"age_at_license (2.99), Exposure (1.60), DrivAge (1.46), BonusMalus (1.24), LicAge (1.18)",0.985808789730072
17068,"Exposure (4.03), ClaimNbParking_bucket (1.18), ClaimNbWindscreen_bucket (1.01), DrivAge (0.95), RiskArea (0.81)",0.9858058094978333
12915,"Exposure (3.74), age_at_license (3.34), LicAgeYears (1.01), DrivAge (0.87), LicAge (-0.68)",0.9857778549194336
40096,"Exposure (4.92), age_at_license (1.32), LicAge (0.72), ClaimNbNonResp_bucket (0.67), LicAgeYears (0.56)",0.985352098941803
18549,"Exposure (3.62), DrivAge (1.62), age_at_license (1.17), ClaimNbParking_bucket (0.90), VehUsage (-0.66)",0.9853475093841552
7663,"Exposure (3.11), BonusMalus (2.47), RiskArea (2.14), age_at_license (0.55), LicAgeYears (0.47)",0.9852930903434752
17824,"Exposure (3.33), age_at_license (1.53), RiskArea (1.22), ClaimNbResp_bucket (1.17), BonusMalus (0.60)",0.984462022781372
7076,"Exposure (3.12), LicAgeYears (1.19), RiskArea (1.15), ClaimNbResp_bucket (0.88), age_at_license (0.67)",0.9844262599945068
1212,"Exposure (3.13), LicAge (2.60), ClaimNbNonResp_bucket (2.19), LicAgeYears (-1.84), age_at_license (1.55)",0.9844167828559875
1678,"Exposure (2.36), OutUseNb_bucket (1.51), LicAge (1.48), DrivAge (1.15), age_at_license (1.05)",0.9843448996543884
17150,"Exposure (3.21), ClaimNbNonResp_bucket (1.95), age_at_license (1.25), LicAgeYears (0.87), ClaimNbWindscreen_bucket (0.68)",0.9843361377716064
9118,"VehUsage (2.04), Exposure (2.03), RiskArea (1.06), LicAge (0.96), ClaimNbWindscreen_bucket (0.78)",0.9837002158164978
13916,"Exposure (3.01), LicAge (2.01), LicAgeYears (-1.35), BonusMalus (1.08), VehUsage (0.84)",0.9836663007736206
1406,"Exposure (2.49), LicAgeYears (1.36), age_at_license (1.20), BonusMalus (1.07), RiskArea (0.60)",0.983428418636322
8113,"Exposure (3.30), age_at_license (1.97), ClaimNbParking_bucket (1.25), LicAge (1.14), BonusMalus (0.70)",0.9832806587219238
17319,"Exposure (2.52), RiskArea (1.53), ClaimNbNonResp_bucket (1.21), age_at_license (1.16), DrivAge (0.58)",0.982968270778656
6966,"Exposure (2.70), age_at_license (1.82), BonusMalus (1.20), LicAgeYears (1.07), OutUseNb_bucket (0.65)",0.9828375577926636
7491,"Exposure (2.47), LicAgeYears (1.60), age_at_license (1.52), DrivAge (0.76), BonusMalus (0.73)",0.9824986457824708
18835,"Exposure (3.02), LicAge (1.46), RiskArea (1.02), BonusMalus (0.98), ClaimNbNonResp_bucket (0.62)",0.9824978709220886
8657,"age_at_license (2.48), RiskArea (1.88), BonusMalus (1.26), LicAge (0.82), LicAgeYears (0.77)",0.9820814728736876
1398,"Exposure (1.59), BonusMalus (1.43), LicAgeYears (1.40), age_at_license (1.33), LicAge (0.66)",0.9818065166473388
8399,"RiskArea (1.74), LicAge (1.73), Exposure (1.42), age_at_license (0.80), LicAgeYears (0.70)",0.98157000541687
14515,"Exposure (4.41), age_at_license (0.91), ClaimNbWindscreen_bucket (0.86), RiskArea (0.58), LicAgeYears (0.56)",0.9814677834510804
2438,"Exposure (3.55), age_at_license (1.06), LicAgeYears (0.85), ClaimNbWindscreen_bucket (0.85), ClaimNbResp_bucket (0.81)",0.9814056754112244
18017,"age_at_license (1.63), BonusMalus (1.57), Exposure (1.00), DrivAge (0.94), LicAge (0.89)",0.9813644289970398
10570,"Exposure (2.71), LicAge (2.17), age_at_license (1.60), LicAgeYears (-1.37), ClaimNbFireTheft_bucket (1.25)",0.9813640713691713
42,"Exposure (2.10), age_at_license (1.55), LicAge (1.42), DrivAge (1.28), RiskArea (0.69)",0.9813070297241212
1861,"LicAge (3.32), DrivAge (1.91), LicAgeYears (-1.39), age_at_license (1.24), BonusMalus (1.00)",0.9809946417808532
11361,"Exposure (2.48), LicAge (1.46), age_at_license (1.04), RiskArea (0.98), BonusMalus (0.71)",0.9809842109680176
12941,"Exposure (4.51), age_at_license (1.16), VehUsage (1.13), LicAge (0.76), RiskArea (0.45)",0.9805178642272948
17851,"LicAge (1.94), Exposure (1.74), age_at_license (1.17), ClaimNbParking_bucket (1.01), DrivAge (0.98)",0.9801790118217468
11324,"Exposure (3.16), LicAge (1.46), VehUsage (1.34), age_at_license (1.18), RiskArea (0.37)",0.9801544547080994
12183,"DrivAge (3.06), LicAgeYears (-2.25), LicAge (2.16), Exposure (1.86), BonusMalus (1.61)",0.9801532030105592
13170,"BonusMalus (2.49), Exposure (1.50), LicAge (1.47), RiskArea (1.01), LicAgeYears (0.61)",0.9800958633422852
4474,"Exposure (2.66), BonusMalus (1.39), age_at_license (1.23), VehUsage (1.18), MariStat (0.88)",0.9800787568092346
17363,"Exposure (2.63), LicAge (1.61), LicAgeYears (-1.00), age_at_license (0.80), DrivAge (0.79)",0.9799924492836
13130,"LicAge (2.76), ClaimNbWindscreen_bucket (1.70), Exposure (1.62), LicAgeYears (-1.36), BonusMalus (1.17)",0.9796461462974548
11128,"Exposure (3.46), LicAge (2.26), age_at_license (1.79), LicAgeYears (-1.35), ClaimNbResp_bucket (0.76)",0.979487121105194
12447,"Exposure (2.61), LicAge (1.88), age_at_license (1.19), VehUsage (1.07), RiskArea (0.84)",0.9794554710388184
16816,"Exposure (3.58), VehUsage (1.78), LicAgeYears (0.74), age_at_license (0.73), ClaimNbResp_bucket (0.51)",0.9794043302536012
13285,"Exposure (4.09), RiskArea (0.79), VehUsage (0.67), LicAgeYears (0.57), LicAge (0.52)",0.979171335697174
17287,"Exposure (1.97), ClaimNbWindscreen_bucket (1.43), DrivAge (1.19), ClaimNbParking_bucket (0.95), VehUsage (0.74)",0.979078769683838
6859,"Exposure (3.67), age_at_license (1.32), VehUsage (1.27), DrivAge (0.99), RiskArea (0.40)",0.9787801504135132
15991,"BonusMalus (2.79), age_at_license (1.95), LicAge (1.66), Exposure (1.52), MariStat (-0.31)",0.9787034392356871
12505,"Exposure (3.33), LicAge (2.89), DrivAge (1.13), ClaimNbResp_bucket (1.03), ClaimNbNonResp_bucket (0.94)",0.9786948561668396
10101,"Exposure (2.09), LicAgeYears (1.19), RiskArea (1.05), DrivAge (0.89), VehUsage (0.87)",0.978570520877838
1659,"Exposure (2.14), OutUseNb_bucket (1.48), age_at_license (1.35), LicAgeYears (1.21), LicAge (1.02)",0.9783409237861632
13759,"Exposure (3.22), age_at_license (2.20), LicAge (1.00), DrivAge (0.92), RiskArea (0.79)",0.978291153907776
6455,"Exposure (3.02), BonusMalus (1.51), age_at_license (1.32), LicAge (1.13), RiskArea (0.74)",0.9780623316764832
16760,"Exposure (4.85), age_at_license (1.37), LicAgeYears (0.91), ClaimNbNonResp_bucket (0.57), ClaimNbResp_bucket (0.28)",0.9778541922569276
10853,"LicAge (2.71), DrivAge (2.31), LicAgeYears (-1.46), BonusMalus (1.34), RiskArea (1.24)",0.9777592420578004
204,"Exposure (2.54), LicAge (1.90), ClaimNbParking_bucket (1.75), RiskArea (0.68), age_at_license (0.46)",0.9776701331138612
7289,"Exposure (2.68), age_at_license (1.61), RiskArea (1.02), LicAgeYears (0.90), BonusMalus (0.83)",0.9773786067962646
5517,"Exposure (4.18), age_at_license (1.15), DrivAge (0.66), LicAgeYears (0.52), LicAge (0.48)",0.9772152304649352
7829,"LicAge (2.12), ClaimNbFireTheft_bucket (1.70), Exposure (1.23), DrivAge (1.22), age_at_license (1.05)",0.9770721793174744
10152,"Exposure (2.94), age_at_license (1.56), OutUseNb_bucket (0.95), LicAgeYears (0.87), LicAge (0.70)",0.9769040942192078
13010,"Exposure (3.40), age_at_license (1.62), LicAge (0.92), RiskArea (0.86), LicAgeYears (0.72)",0.9768476486206056
16577,"Exposure (3.69), LicAge (1.69), age_at_license (1.68), LicAgeYears (-1.13), ClaimNbResp_bucket (0.83)",0.9766501188278198
10598,"Exposure (2.98), LicAge (2.25), LicAgeYears (-2.04), RiskArea (1.20), DrivAge (1.14)",0.9765108227729796
5546,"age_at_license (1.20), VehUsage (1.14), ClaimNbWindscreen_bucket (1.13), Exposure (0.97), RiskArea (0.70)",0.9761040806770324
4965,"LicAge (3.80), Exposure (2.53), LicAgeYears (-1.96), age_at_license (1.07), RiskArea (1.05)",0.9760980606079102
13653,"age_at_license (2.90), LicAge (2.33), DrivAge (0.84), ClaimNbParking_bucket (0.65), BonusMalus (0.52)",0.9759483337402344
1712,"Exposure (3.22), VehUsage (1.50), LicAgeYears (1.32), age_at_license (0.82), BonusMalus (0.78)",0.9752060174942015
13083,"BonusMalus (1.98), Exposure (1.60), VehUsage (1.47), age_at_license (1.01), DrivAge (0.70)",0.9751840233802797
4111,"RiskArea (1.49), Exposure (1.47), age_at_license (1.40), LicAgeYears (0.94), BonusMalus (0.75)",0.9750276803970336
5776,"Exposure (1.64), BonusMalus (1.44), RiskArea (1.42), LicAge (1.23), MariStat (1.15)",0.9749981164932252
19015,"BonusMalus (2.61), age_at_license (1.78), Exposure (1.37), ClaimNbWindscreen_bucket (1.17), LicAge (0.80)",0.9749319553375244
15094,"age_at_license (2.14), VehUsage (1.20), ClaimNbParking_bucket (1.13), DrivAge (0.97), RiskArea (0.58)",0.9747783541679382
6139,"age_at_license (2.16), Exposure (1.85), LicAge (1.65), ClaimNbNonResp_bucket (0.88), DrivAge (0.86)",0.974435329437256
7859,"Exposure (3.51), LicAge (1.96), ClaimNbWindscreen_bucket (1.52), LicAgeYears (-1.43), DrivAge (1.05)",0.97439843416214
1809,"Exposure (3.66), LicAge (1.09), age_at_license (1.05), LicAgeYears (0.86), ClaimNbFireTheft_bucket (0.78)",0.9743688106536864
13255,"Exposure (3.45), VehUsage (1.42), RiskArea (0.95), LicAgeYears (0.78), age_at_license (0.77)",0.9740095138549804
12021,"LicAge (2.71), Exposure (2.20), age_at_license (2.10), LicAgeYears (-0.76), DrivAge (0.73)",0.9740014672279358
14593,"LicAge (1.43), age_at_license (1.14), BonusMalus (1.06), RiskArea (1.02), Exposure (1.02)",0.9738597869873048
6853,"VehUsage (1.79), age_at_license (1.56), Exposure (1.12), RiskArea (0.92), LicAgeYears (0.62)",0.9737904667854308
4660,"Exposure (1.87), LicAge (1.65), age_at_license (1.56), ClaimNbWindscreen_bucket (1.00), LicAgeYears (0.54)",0.9735419750213624
3391,"ClaimNbWindscreen_bucket (1.74), age_at_license (1.67), Exposure (1.21), LicAge (0.77), BonusMalus (0.52)",0.9733713865280152
5703,"BonusMalus (1.55), RiskArea (1.44), age_at_license (1.32), LicAgeYears (1.17), LicAge (0.85)",0.9731184244155884
5174,"Exposure (1.96), age_at_license (1.32), VehUsage (1.01), LicAgeYears (0.91), RiskArea (0.83)",0.973108172416687
13144,"Exposure (3.90), age_at_license (1.49), LicAge (0.91), LicAgeYears (0.83), BonusMalus (0.77)",0.9727916121482848
8442,"Exposure (3.31), DrivAge (1.92), age_at_license (1.47), LicAgeYears (-1.08), RiskArea (0.85)",0.97272127866745
3296,"Exposure (1.77), age_at_license (1.55), ClaimNbWindscreen_bucket (1.15), LicAge (0.95), RiskArea (0.91)",0.9721341729164124
13051,"LicAge (2.30), Exposure (2.08), LicAgeYears (-1.38), RiskArea (1.04), ClaimNbNonResp_bucket (0.97)",0.9718903303146362
6235,"Exposure (1.39), age_at_license (1.32), VehUsage (1.26), LicAgeYears (0.89), DrivAge (0.75)",0.9718140959739684
17086,"Exposure (1.95), age_at_license (1.53), ClaimNbFireTheft_bucket (1.18), RiskArea (1.10), LicAgeYears (1.06)",0.9716753959655762
4355,"BonusMalus (2.24), RiskArea (2.22), Exposure (1.56), age_at_license (0.90), LicAgeYears (0.63)",0.9715563654899596
7163,"Exposure (2.28), age_at_license (1.96), DrivAge (1.86), LicAge (1.54), VehUsage (0.61)",0.9715301394462584
16323,"age_at_license (1.90), LicAge (1.60), OutUseNb_bucket (1.42), DrivAge (1.00), RiskArea (0.95)",0.9715113639831544
16385,"Exposure (1.53), age_at_license (1.37), DrivAge (1.30), RiskArea (1.21), LicAge (0.74)",0.9712001085281372
8206,"Exposure (3.98), BonusMalus (1.32), LicAgeYears (0.96), age_at_license (0.79), DrivAge (0.47)",0.9710781574249268
11503,"Exposure (4.12), LicAge (0.89), LicAgeYears (0.64), BonusMalus (0.62), RiskArea (0.61)",0.9709685444831848
12240,"LicAge (2.52), Exposure (2.27), RiskArea (1.27), DrivAge (1.14), age_at_license (0.76)",0.9704431891441344
11675,"LicAge (2.41), Exposure (2.21), age_at_license (1.97), LicAgeYears (-1.49), DrivAge (1.48)",0.9699479937553406
5263,"Exposure (3.37), VehUsage (1.67), age_at_license (1.14), OutUseNb_bucket (0.63), RiskArea (0.49)",0.9697336554527284
18638,"Exposure (2.43), age_at_license (1.54), VehUsage (0.96), RiskArea (0.92), ClaimNbResp_bucket (0.75)",0.9689611792564392
18921,"Exposure (1.65), ClaimNbNonResp_bucket (1.10), BonusMalus (1.09), DrivAge (1.03), LicAgeYears (0.94)",0.9689188599586488
349,"age_at_license (2.18), Exposure (1.96), RiskArea (0.83), ClaimNbNonResp_bucket (0.81), ClaimNbFireTheft_bucket (0.66)",0.9687697291374208
4229,"LicAge (2.93), DrivAge (1.89), Exposure (1.50), LicAgeYears (-1.47), BonusMalus (1.16)",0.9685433506965636
13028,"Exposure (2.74), LicAge (1.98), ClaimNbNonResp_bucket (1.46), LicAgeYears (-0.80), age_at_license (0.67)",0.9682939052581788
10489,"LicAge (3.79), Exposure (1.75), ClaimNbNonResp_bucket (1.63), age_at_license (1.20), LicAgeYears (-1.16)",0.9681318402290344
10831,"Exposure (2.98), ClaimNbWindscreen_bucket (1.82), DrivAge (0.79), VehUsage (0.59), RiskArea (0.51)",0.967807412147522
19456,"LicAge (2.06), ClaimNbWindscreen_bucket (1.84), RiskArea (1.29), DrivAge (1.07), Exposure (1.04)",0.967803716659546
13622,"Exposure (2.65), age_at_license (1.46), LicAgeYears (1.38), DrivAge (1.23), ClaimNbNonResp_bucket (0.97)",0.9676832556724548
4346,"RiskArea (1.46), Exposure (1.29), age_at_license (1.10), ClaimNbWindscreen_bucket (1.05), DrivAge (0.92)",0.9664266109466552
6656,"age_at_license (2.70), LicAge (1.85), LicAgeYears (0.91), BonusMalus (0.46), RiskArea (0.38)",0.9663955569267272
14609,"Exposure (3.82), RiskArea (0.96), age_at_license (0.96), LicAge (0.62), ClaimNbNonResp_bucket (0.44)",0.965408444404602
13617,"Exposure (3.43), age_at_license (1.49), LicAgeYears (1.26), BonusMalus (0.77), DrivAge (0.43)",0.9650102257728576
19183,"age_at_license (2.06), Exposure (1.57), BonusMalus (1.50), RiskArea (0.52), LicAgeYears (0.51)",0.9648885726928712
12402,"VehUsage (1.98), age_at_license (1.17), DrivAge (0.89), LicAge (0.64), LicAgeYears (0.62)",0.9640153646469116
13532,"Exposure (3.17), LicAge (2.74), LicAgeYears (-1.96), age_at_license (1.19), ClaimNbWindscreen_bucket (0.50)",0.96297025680542
12907,"Exposure (2.92), age_at_license (1.56), RiskArea (0.87), ClaimNbNonResp_bucket (0.73), DrivAge (0.72)",0.9629184007644652
13906,"Exposure (3.23), age_at_license (1.94), BonusMalus (0.93), LicAge (0.60), LicAgeYears (0.53)",0.9628458619117736
16862,"Exposure (2.86), DrivAge (1.76), age_at_license (1.40), RiskArea (0.74), ClaimNbNonResp_bucket (0.25)",0.9620621800422668
2143,"RiskArea (1.64), age_at_license (1.51), LicAge (1.29), Exposure (1.05), DrivAge (0.60)",0.9619505405426024
15898,"Exposure (3.31), RiskArea (1.66), age_at_license (0.96), BonusMalus (0.55), DrivAge (0.55)",0.9614599347114564
10357,"Exposure (2.63), LicAge (2.22), age_at_license (0.94), DrivAge (0.73), RiskArea (0.70)",0.9607852101325988
10861,"LicAge (2.50), Exposure (1.46), RiskArea (1.29), age_at_license (1.22), DrivAge (0.56)",0.960506558418274
7805,"age_at_license (1.93), RiskArea (1.36), ClaimNbWindscreen_bucket (1.03), Exposure (0.61), ClaimNbNonResp_bucket (0.49)",0.960385262966156
2516,"Exposure (2.45), LicAge (0.98), age_at_license (0.76), LicAgeYears (0.75), RiskArea (0.73)",0.9600337743759156
18683,"Exposure (2.23), age_at_license (2.01), LicAgeYears (0.91), ClaimNbWindscreen_bucket (0.85), BonusMalus (0.51)",0.9598910808563232
35061,"Exposure (2.82), RiskArea (1.70), LicAgeYears (1.08), BonusMalus (1.07), age_at_license (1.06)",0.9595842957496644
13356,"Exposure (3.20), DrivAge (2.40), age_at_license (1.84), LicAge (0.62), ClaimNbResp_bucket (0.36)",0.958643078804016
15933,"Exposure (1.78), RiskArea (1.49), age_at_license (1.49), LicAgeYears (1.46), LicAge (-0.53)",0.9574861526489258
11349,"Exposure (2.84), ClaimNbNonResp_bucket (1.10), DrivAge (0.82), age_at_license (0.79), RiskArea (0.58)",0.9566805958747864
19111,"Exposure (3.35), RiskArea (1.26), LicAge (0.95), age_at_license (0.95), LicAgeYears (0.87)",0.9561314582824708
233,"Exposure (2.42), LicAge (1.44), age_at_license (1.41), RiskArea (1.03), DrivAge (0.57)",0.9561313390731812
18975,"LicAge (2.32), DrivAge (1.95), age_at_license (1.55), Exposure (1.43), LicAgeYears (-1.23)",0.9553871750831604
1024,"Exposure (4.54), LicAgeYears (0.75), age_at_license (0.62), ClaimNbWindscreen_bucket (0.58), ClaimNbResp_bucket (0.57)",0.9547317028045654
1427,"age_at_license (1.77), Exposure (1.69), LicAge (1.45), DrivAge (1.09), RiskArea (0.96)",0.9542760848999025
11336,"RiskArea (2.02), Exposure (1.49), LicAgeYears (0.68), DrivAge (0.66), ClaimNbWindscreen_bucket (0.62)",0.9538204669952391
3589,"LicAge (3.58), ClaimNbWindscreen_bucket (1.34), age_at_license (0.99), RiskArea (0.98), LicAgeYears (-0.97)",0.9534151554107666
19889,"age_at_license (1.91), BonusMalus (1.27), Exposure (1.22), LicAge (0.78), RiskArea (0.63)",0.9533845782279968
35260,"LicAge (1.56), OutUseNb_bucket (1.40), age_at_license (1.22), LicAgeYears (1.16), RiskArea (1.08)",0.9532063603401184
5931,"Exposure (3.02), LicAge (1.20), RiskArea (1.15), age_at_license (0.76), DrivAge (0.46)",0.9506362080574036
4436,"Exposure (2.03), BonusMalus (1.91), LicAgeYears (1.20), age_at_license (0.76), LicAge (0.70)",0.9480940103530884
10994,"Exposure (3.17), age_at_license (0.94), LicAge (0.93), DrivAge (0.74), LicAgeYears (0.67)",0.9479826092720032
6970,"Exposure (3.33), LicAge (1.33), RiskArea (0.79), DrivAge (0.61), age_at_license (0.60)",0.9477807879447936
34169,"Exposure (2.23), age_at_license (1.36), RiskArea (1.23), LicAgeYears (1.22), ClaimNbWindscreen_bucket (0.75)",0.9466156959533693
8531,"Exposure (2.43), age_at_license (1.80), RiskArea (1.04), DrivAge (0.82), LicAge (0.42)",0.9463000297546388
14171,"Exposure (3.24), age_at_license (1.04), RiskArea (0.78), LicAge (0.74), LicAgeYears (0.69)",0.946255385875702
18872,"Exposure (2.89), LicAge (1.14), BonusMalus (0.76), DrivAge (0.67), LicAgeYears (0.64)",0.946143627166748
4667,"Exposure (3.21), LicAge (1.09), RiskArea (1.01), LicAgeYears (0.73), age_at_license (0.46)",0.9452320337295532
1013,"Exposure (3.01), age_at_license (1.14), LicAge (0.96), DrivAge (0.58), VehUsage (0.57)",0.9443779587745668
12717,"Exposure (3.36), RiskArea (1.70), LicAge (1.33), age_at_license (0.55), DrivAge (0.45)",0.9435068368911744
15258,"Exposure (3.90), age_at_license (1.06), LicAgeYears (0.66), BonusMalus (0.61), LicAge (0.39)",0.9431118965148926
11816,"Exposure (3.30), LicAge (2.33), age_at_license (1.54), LicAgeYears (-1.21), DrivAge (0.71)",0.9424310326576232
9656,"Exposure (3.58), RiskArea (0.76), DrivAge (0.71), LicAge (0.66), age_at_license (0.56)",0.941520929336548
1214,"LicAge (3.46), age_at_license (1.03), RiskArea (1.01), LicAgeYears (-0.95), Exposure (0.79)",0.9389222264289856
7261,"Exposure (2.70), RiskArea (1.44), DrivAge (0.81), LicAge (0.78), LicAgeYears (0.67)",0.9363290071487428
21584,"LicAge (2.69), Exposure (2.35), LicAgeYears (-1.37), ClaimNbWindscreen_bucket (0.77), DrivAge (0.69)",0.934037983417511
12631,"Exposure (2.66), LicAge (2.13), DrivAge (0.85), RiskArea (0.83), LicAgeYears (-0.82)",0.9335958361625672
1397,"LicAge (2.51), Exposure (1.98), LicAgeYears (-0.97), DrivAge (0.82), age_at_license (0.76)",0.9263750910758972
29052,"Exposure (1.80), LicAge (1.16), LicAgeYears (0.89), age_at_license (0.84), DrivAge (0.46)",0.9252017140388488
9732,"Exposure (3.37), LicAge (2.20), LicAgeYears (-0.86), DrivAge (0.82), age_at_license (0.80)",0.9241135120391846
17998,"Exposure (3.43), LicAge (1.17), DrivAge (1.05), age_at_license (1.03), LicAgeYears (-0.74)",0.9174636602401732
33349,"Exposure (2.71), age_at_license (1.13), RiskArea (0.96), BonusMalus (0.67), LicAge (0.47)",0.9160295128822328
12349,"LicAge (2.52), Exposure (1.62), age_at_license (1.20), RiskArea (0.95), LicAgeYears (-0.76)",0.9155189394950868
11400,"Exposure (2.56), age_at_license (1.50), LicAgeYears (1.09), ClaimNbWindscreen_bucket (0.53), RiskArea (0.32)",0.8985699415206909
24587,"Exposure (2.28), BonusMalus (2.25), RiskArea (0.72), age_at_license (0.66), LicAgeYears (0.63)",0.8905295729637146
35558,"Exposure (3.70), age_at_license (0.97), LicAgeYears (0.73), DrivAge (0.57), BonusMalus (-0.31)",0.8633856177330017
22600,"Exposure (3.50), ClaimNbResp_bucket (0.79), age_at_license (0.75), LicAgeYears (0.64), LicAge (0.57)",0.8484664559364319
32887,"Exposure (2.86), LicAge (2.73), LicAgeYears (-1.81), ClaimNbWindscreen_bucket (0.96), VehUsage (0.33)",0.8481516242027283
24766,"Exposure (3.00), age_at_license (2.12), RiskArea (0.74), LicAgeYears (0.62), LicAge (0.59)",0.8374196290969849
23557,"Exposure (2.50), LicAge (0.81), LicAgeYears (0.77), age_at_license (0.71), BonusMalus (0.43)",0.82326740026474
26263,"Exposure (2.93), VehUsage (0.86), LicAgeYears (0.63), ClaimNbWindscreen_bucket (0.59), RiskArea (0.57)",0.8127503991127014
24834,"Exposure (3.75), BonusMalus (1.28), LicAge (1.10), MariStat (-0.78), ClaimNbNonResp_bucket (0.44)",0.8044865131378174
37174,"age_at_license (2.12), Exposure (1.19), ClaimNbWindscreen_bucket (0.76), VehUsage (0.71), RiskArea (0.45)",0.8021904230117798
25696,"Exposure (2.26), LicAgeYears (1.41), BonusMalus (1.10), age_at_license (1.01), LicAge (0.54)",0.7556909918785095
22615,"Exposure (3.35), age_at_license (1.13), DrivAge (0.56), LicAgeYears (0.52), LicAge (0.39)",0.7442387342453003
25742,"Exposure (2.92), LicAgeYears (0.87), age_at_license (0.78), LicAge (0.51), BonusMalus (0.32)",0.732203483581543
29458,"Exposure (2.20), LicAge (2.04), age_at_license (1.21), LicAgeYears (-0.76), RiskArea (0.46)",0.7282760143280029
25026,"Exposure (3.35), BonusMalus (1.23), LicAgeYears (0.73), age_at_license (0.70), ClaimNbResp_bucket (-0.69)",0.7209416627883911
36450,"Exposure (2.70), LicAge (1.09), LicAgeYears (0.84), age_at_license (0.67), ClaimNbWindscreen_bucket (-0.44)",0.7203871011734009
42375,"Exposure (1.91), LicAgeYears (1.04), age_at_license (0.71), ClaimNbNonResp_bucket (0.57), RiskArea (0.39)",0.6989206671714783
25494,"Exposure (2.35), BonusMalus (1.03), LicAge (0.92), DrivAge (0.72), MariStat (-0.64)",0.6884376406669617
37128,"Exposure (2.76), OutUseNb_bucket (1.02), ClaimNbNonResp_bucket (0.98), LicAge (0.76), VehUsage (-0.37)",0.6808539628982544
40969,"Exposure (2.65), LicAge (0.89), LicAgeYears (0.80), RiskArea (0.59), age_at_license (0.34)",0.6788402199745178
40187,"Exposure (2.39), DrivAge (1.31), LicAge (-1.29), VehUsage (0.90), ClaimNbParking_bucket (0.83)",0.6774948239326477
4112,"Exposure (2.21), LicAgeYears (1.14), age_at_license (0.78), RiskArea (0.64), LicAge (-0.62)",0.6698054075241089
39826,"Exposure (2.44), LicAgeYears (1.49), BonusMalus (0.31), ClaimNbResp_bucket (0.20), VehUsage (0.20)",0.6616669297218323
35384,"BonusMalus (1.39), LicAgeYears (1.23), LicAge (0.79), RiskArea (0.78), DrivAge (0.75)",0.6561416387557983
36242,"DrivAge (3.09), BonusMalus (1.41), RiskArea (1.18), age_at_license (1.04), MariStat (-1.02)",0.6495645642280579
15940,"VehUsage (1.80), Exposure (1.66), LicAge (-1.03), age_at_license (0.67), RiskArea (0.63)",0.6315879225730896
23616,"LicAge (1.73), Exposure (1.56), DrivAge (-0.82), BonusMalus (0.77), age_at_license (0.67)",0.6222817897796631
25321,"Exposure (1.17), LicAge (1.15), age_at_license (1.05), RiskArea (1.03), LicAgeYears (-0.69)",0.6170623898506165
29946,"Exposure (3.86), DrivAge (0.89), LicAge (0.73), LicAgeYears (-0.40), ClaimNbWindscreen_bucket (-0.19)",0.6100682616233826
12917,"Exposure (2.02), LicAgeYears (1.16), RiskArea (0.71), LicAge (0.27), age_at_license (0.21)",0.5897085666656494
22739,"Exposure (2.24), age_at_license (1.11), LicAgeYears (0.62), LicAge (0.57), DrivAge (0.49)",0.5863674283027649
29532,"Exposure (1.71), age_at_license (1.14), VehUsage (0.70), RiskArea (0.59), LicAgeYears (-0.50)",0.585672914981842
24426,"Exposure (3.13), LicAgeYears (0.72), ClaimNbWindscreen_bucket (0.71), BonusMalus (0.57), LicAge (-0.54)",0.5745669007301331
33886,"Exposure (4.63), age_at_license (0.68), LicAgeYears (0.64), BonusMalus (-0.51), VehUsage (-0.40)",0.5695394277572632
2982,"Exposure (1.58), age_at_license (0.74), DrivAge (0.66), RiskArea (0.62), LicAge (0.34)",0.5594695210456848
12982,"Exposure (1.58), age_at_license (0.74), DrivAge (0.66), RiskArea (0.62), LicAge (0.34)",0.5594695210456848
29998,"Exposure (1.84), ClaimNbWindscreen_bucket (0.86), OutUseNb_bucket (0.60), LicAgeYears (0.57), age_at_license (0.55)",0.5564562678337097
26542,"Exposure (2.63), DrivAge (-1.12), age_at_license (1.05), BonusMalus (1.01), ClaimNbNonResp_bucket (0.59)",0.5557492971420288
41013,"Exposure (3.91), age_at_license (1.14), LicAge (-1.04), LicAgeYears (0.67), ClaimNbNonResp_bucket (0.61)",0.5457667708396912
5792,"Exposure (2.10), VehUsage (0.91), RiskArea (0.79), age_at_license (0.39), LicAgeYears (-0.24)",0.5159634947776794
26369,"Exposure (2.09), LicAgeYears (1.18), VehUsage (0.88), RiskArea (0.64), ClaimNbWindscreen_bucket (-0.34)",0.5072830319404602
32518,"Exposure (2.27), LicAge (2.18), LicAgeYears (-1.46), age_at_license (1.26), ClaimNbResp_bucket (-0.78)",0.4955234825611114
30566,"age_at_license (1.98), Exposure (1.74), LicAge (-0.97), LicAgeYears (0.69), DrivAge (0.55)",0.480940043926239
27035,"LicAge (3.49), LicAgeYears (-2.29), Exposure (1.76), RiskArea (0.61), LicAge_yrs (0.34)",0.4640979766845703
35938,"Exposure (1.38), DrivAge (1.07), BonusMalus (0.78), LicAgeYears (0.57), age_at_license (0.37)",0.4613011479377746
24276,"LicAge (1.57), Exposure (1.24), BonusMalus (0.99), RiskArea (0.85), VehUsage (-0.51)",0.4443995058536529
34133,"Exposure (2.20), LicAge (1.53), LicAgeYears (-1.21), DrivAge (0.91), age_at_license (0.45)",0.4296211004257202
37571,"age_at_license (1.71), LicAge (1.40), Exposure (1.25), LicAgeYears (-1.13), BonusMalus (0.67)",0.4239762723445892
23493,"Exposure (2.16), LicAgeYears (1.36), age_at_license (0.87), LicAge (-0.44), ClaimNbNonResp_bucket (0.41)",0.4137452840805053
33438,"Exposure (1.68), age_at_license (1.13), DrivAge (0.64), VehUsage (0.62), LicAgeYears (0.45)",0.4132572412490845
22113,"Exposure (2.88), DrivAge (0.72), age_at_license (0.71), BonusMalus (0.40), ClaimNbWindscreen_bucket (-0.39)",0.4124176800251007
29704,"Exposure (1.96), age_at_license (1.85), LicAgeYears (-1.84), DrivAge (1.28), BonusMalus (0.88)",0.4102594256401062
30657,"Exposure (1.38), LicAgeYears (0.83), DrivAge (0.65), RiskArea (0.63), age_at_license (0.62)",0.4095213711261749
26249,"Exposure (2.79), age_at_license (0.86), LicAgeYears (0.75), BonusMalus (-0.60), VehUsage (0.54)",0.4092891812324524
4665,"DrivAge (1.65), Exposure (1.35), LicAgeYears (-1.15), MariStat (0.99), LicAge (0.82)",0.408905029296875
14665,"DrivAge (1.65), Exposure (1.35), LicAgeYears (-1.15), MariStat (0.99), LicAge (0.82)",0.408905029296875
4316,"Exposure (1.20), LicAgeYears (0.95), age_at_license (0.85), RiskArea (0.68), LicAge (0.53)",0.3977432250976562
14316,"Exposure (1.20), LicAgeYears (0.95), age_at_license (0.85), RiskArea (0.68), LicAge (0.53)",0.3977432250976562
37912,"LicAge (2.90), LicAgeYears (-0.94), age_at_license (0.85), ClaimNbWindscreen_bucket (0.82), VehUsage (-0.71)",0.3808561563491821
40793,"Exposure (1.05), LicAge (1.02), age_at_license (0.76), LicAgeYears (0.62), ClaimNbNonResp_bucket (-0.31)",0.3524131178855896
3074,"LicAge (1.90), LicAgeYears (-0.99), Exposure (0.93), age_at_license (0.55), VehUsage (-0.49)",0.3333064615726471
13074,"LicAge (1.90), LicAgeYears (-0.99), Exposure (0.93), age_at_license (0.55), VehUsage (-0.49)",0.3333064615726471
40331,"Exposure (1.56), LicAge (1.18), age_at_license (1.00), OutUseNb_bucket (-1.00), LicAgeYears (-0.80)",0.3331789076328277
23410,"Exposure (1.69), LicAgeYears (1.51), ClaimNbNonResp_bucket (-0.46), OutUseNb_bucket (0.43), LicAge (-0.43)",0.3217557668685913
15773,"Exposure (2.33), age_at_license (1.20), LicAgeYears (-0.75), ClaimNbNonResp_bucket (0.64), VehUsage (-0.37)",0.30866539478302
35494,"Exposure (4.05), LicAgeYears (0.71), ClaimNbWindscreen_bucket (-0.41), LicAge (-0.36), RiskArea (-0.26)",0.3060672581195831
30182,"Exposure (2.26), ClaimNbNonResp_bucket (0.57), age_at_license (0.36), DrivAge (0.32), LicAgeYears (-0.32)",0.2972130477428436
25539,"Exposure (2.76), VehUsage (0.95), LicAge (-0.81), LicAgeYears (0.55), ClaimNbWindscreen_bucket (0.49)",0.281293123960495
33873,"Exposure (1.82), ClaimNbWindscreen_bucket (0.54), age_at_license (0.48), ClaimNbNonResp_bucket (0.48), DrivAge (-0.32)",0.2790248394012451
26583,"age_at_license (1.28), Exposure (1.21), LicAge (-0.86), BonusMalus (0.65), LicAgeYears (0.55)",0.2722154259681701
35349,"Exposure (2.56), LicAgeYears (0.70), RiskArea (-0.42), ClaimNbNonResp_bucket (0.19), age_at_license (-0.19)",0.2714197039604187
24950,"Exposure (3.19), VehUsage (-0.52), age_at_license (0.44), LicAgeYears (0.39), DrivAge (-0.31)",0.2610228657722473
25849,"Exposure (1.67), VehUsage (0.91), RiskArea (0.56), BonusMalus (0.38), ClaimNbResp_bucket (0.33)",0.2554964423179626
19940,"Exposure (2.67), LicAgeYears (0.97), LicAge (-0.90), age_at_license (0.80), DrivAge (-0.43)",0.2473995089530944
9940,"Exposure (2.67), LicAgeYears (0.97), LicAge (-0.90), age_at_license (0.80), DrivAge (-0.43)",0.2473995089530944
2902,"Exposure (2.72), age_at_license (1.36), LicAgeYears (0.90), LicAge (-0.81), RiskArea (-0.42)",0.2419402599334716
12902,"Exposure (2.72), age_at_license (1.36), LicAgeYears (0.90), LicAge (-0.81), RiskArea (-0.42)",0.2419402599334716
22625,"Exposure (1.91), LicAge (-1.16), VehUsage (0.97), LicAgeYears (0.91), RiskArea (0.53)",0.238246887922287
24107,"Exposure (2.61), RiskArea (-1.06), DrivAge (0.91), ClaimNbResp_bucket (0.79), VehUsage (-0.43)",0.2362446784973144
40893,"Exposure (1.84), LicAgeYears (-1.31), DrivAge (1.07), RiskArea (0.78), LicAge (0.73)",0.2299707978963852
15925,"Exposure (2.48), LicAgeYears (-1.14), VehUsage (0.87), LicAge (0.75), RiskArea (0.74)",0.2263969480991363
40599,"Exposure (1.56), LicAgeYears (-1.11), DrivAge (1.10), LicAge (0.98), RiskArea (0.28)",0.2261409014463424
35227,"LicAgeYears (1.35), LicAge (0.77), Exposure (0.77), age_at_license (-0.67), OutUseNb_bucket (0.34)",0.2202988862991333
21025,"BonusMalus (1.40), LicAgeYears (0.97), age_at_license (0.85), LicAge (-0.77), RiskArea (0.73)",0.2194786220788955
40664,"Exposure (1.35), ClaimNbNonResp_bucket (0.92), LicAge (-0.74), VehUsage (0.65), RiskArea (0.54)",0.2133670598268509
33090,"Exposure (1.72), LicAge (-1.18), LicAgeYears (0.76), DrivAge (0.65), ClaimNbWindscreen_bucket (0.62)",0.2073428034782409
26217,"Exposure (2.27), LicAgeYears (0.88), LicAge (0.41), BonusMalus (-0.40), RiskArea (-0.35)",0.2066073268651962
24719,"Exposure (2.58), BonusMalus (1.04), LicAgeYears (0.76), VehUsage (-0.75), RiskArea (0.70)",0.2063774019479751
35174,"LicAge (1.63), LicAgeYears (-1.30), RiskArea (1.09), age_at_license (0.43), DrivAge (0.41)",0.2014198899269104
7895,"Exposure (1.77), BonusMalus (0.85), RiskArea (0.51), age_at_license (-0.42), LicAge (0.37)",0.1986871510744094
17895,"Exposure (1.77), BonusMalus (0.85), RiskArea (0.51), age_at_license (-0.42), LicAge (0.37)",0.1986871510744094
40714,"LicAge (2.99), Exposure (2.39), LicAgeYears (-2.11), ClaimNbParking_bucket (-0.93), ClaimNbResp_bucket (-0.76)",0.197889506816864
24928,"Exposure (1.12), BonusMalus (0.77), LicAge (-0.71), LicAgeYears (0.66), ClaimNbResp_bucket (0.56)",0.1844823211431503
17502,"Exposure (2.38), LicAgeYears (0.82), ClaimNbResp_bucket (-0.54), BonusMalus (-0.42), DrivAge (0.42)",0.1828619241714477
2075,"Exposure (2.67), VehUsage (-0.44), age_at_license (0.40), LicAgeYears (0.34), DrivAge (0.31)",0.1813468635082245
37868,"Exposure (2.18), LicAge (2.04), LicAgeYears (-1.96), age_at_license (0.37), ClaimNbWindscreen_bucket (-0.32)",0.1769160479307174
26758,"LicAgeYears (1.44), LicAge (1.14), Exposure (1.06), DrivAge (-0.83), BonusMalus (0.73)",0.166441798210144
31731,"Exposure (2.73), LicAge (-1.18), age_at_license (1.12), LicAgeYears (0.72), ClaimNbResp_bucket (-0.62)",0.1608741730451584
39713,"Exposure (0.92), RiskArea (0.76), ClaimNbNonResp_bucket (0.63), DrivAge (-0.58), age_at_license (-0.56)",0.1606826931238174
37273,"Exposure (2.95), LicAgeYears (0.91), DrivAge (-0.76), VehUsage (0.49), LicAge (-0.45)",0.1605244874954223
23988,"Exposure (2.17), LicAgeYears (1.01), LicAge (-0.82), RiskArea (0.68), BonusMalus (0.40)",0.158868670463562
5706,"Exposure (1.54), LicAge (0.79), age_at_license (-0.68), RiskArea (-0.40), DrivAge (0.30)",0.1582943797111511
30529,"LicAge (2.91), LicAgeYears (-2.22), Exposure (1.74), DrivAge (0.83), age_at_license (0.60)",0.1572592556476593
24453,"ClaimNbNonResp_bucket (1.27), Exposure (0.75), LicAgeYears (0.63), age_at_license (-0.47), LicAge (0.41)",0.1566711813211441
39858,"Exposure (2.07), RiskArea (1.02), age_at_license (-0.44), LicAge_yrs (-0.19), VehUsage (0.19)",0.1513419300317764
4152,"Exposure (1.54), LicAgeYears (0.85), LicAge (-0.66), ClaimNbWindscreen_bucket (0.55), OutUseNb_bucket (0.54)",0.1507183462381363
21902,"Exposure (1.39), VehUsage (1.17), ClaimNbParking_bucket (-0.80), RiskArea (0.71), LicAge (-0.58)",0.1495163291692733
24074,"Exposure (1.79), BonusMalus (1.09), age_at_license (-1.00), LicAge (0.95), VehUsage (0.43)",0.1444302797317505
37166,"LicAgeYears (1.48), LicAge (0.37), VehUsage (0.34), Exposure (0.30), ClaimNbWindscreen_bucket (-0.25)",0.1414452940225601
3701,"Exposure (3.24), LicAge (-1.27), RiskArea (0.81), LicAgeYears (0.60), ClaimNbParking_bucket (0.55)",0.1387408822774887
13701,"Exposure (3.24), LicAge (-1.27), RiskArea (0.81), LicAgeYears (0.60), ClaimNbParking_bucket (0.55)",0.1387408822774887
40964,"Exposure (1.51), age_at_license (0.93), LicAgeYears (0.64), ClaimNbNonResp_bucket (0.62), LicAge (-0.58)",0.1364841312170028
39179,"Exposure (2.22), BonusMalus (1.29), DrivAge (-0.82), LicAgeYears (0.67), ClaimNbFireTheft_bucket (-0.42)",0.1290972381830215
41993,"LicAge (1.42), Exposure (1.15), LicAgeYears (-0.91), DrivAge (0.42), LicAge_yrs (0.37)",0.1285250335931778
6075,"Exposure (1.32), RiskArea (0.96), LicAge (-0.93), VehUsage (0.85), LicAgeYears (0.65)",0.1284320056438446
7226,"HasKmLimit (-1.05), age_at_license (1.03), BonusMalus (0.94), LicAgeYears (0.75), DrivAge (0.30)",0.128346562385559
17226,"HasKmLimit (-1.05), age_at_license (1.03), BonusMalus (0.94), LicAgeYears (0.75), DrivAge (0.30)",0.128346562385559
11033,"Exposure (2.58), age_at_license (-1.07), OutUseNb_bucket (0.76), ClaimNbWindscreen_bucket (0.56), LicAgeYears (0.35)",0.1263928711414337
1033,"Exposure (2.58), age_at_license (-1.07), OutUseNb_bucket (0.76), ClaimNbWindscreen_bucket (0.56), LicAgeYears (0.35)",0.1263928711414337
26145,"Exposure (2.45), LicAgeYears (0.57), BonusMalus (-0.46), LicAge (-0.44), age_at_license (-0.44)",0.1234088912606239
31172,"LicAge (1.50), age_at_license (1.11), Exposure (-0.72), LicAgeYears (-0.54), DrivAge (0.51)",0.1196173280477523
22300,"Exposure (1.43), BonusMalus (0.98), age_at_license (0.89), LicAgeYears (0.77), ClaimNbWindscreen_bucket (-0.75)",0.1183227524161338
36951,"LicAge (2.64), LicAgeYears (-2.64), DrivAge (1.34), Exposure (0.86), ClaimNbNonResp_bucket (0.82)",0.1149952337145805
40672,"LicAgeYears (-2.18), LicAge (1.54), Exposure (1.42), RiskArea (0.94), DrivAge (0.73)",0.1095282211899757
27620,"Exposure (2.02), OutUseNb_bucket (0.86), DrivAge (-0.74), LicAge (0.71), ClaimNbWindscreen_bucket (-0.24)",0.1074345037341117
25656,"Exposure (3.80), LicAge (-0.92), VehUsage (0.88), RiskArea (-0.71), LicAgeYears (0.70)",0.1074027344584465
42286,"Exposure (1.35), LicAgeYears (0.83), OutUseNb_bucket (0.54), age_at_license (0.52), LicAge (-0.47)",0.1058258935809135
20750,"Exposure (1.76), LicAge (-0.47), ClaimNbWindscreen_bucket (0.41), RiskArea (0.24), age_at_license (0.22)",0.1036561504006385
67,"Exposure (1.01), LicAgeYears (0.90), VehUsage (0.83), LicAge (-0.78), BonusMalus (0.46)",0.0975493416190147
24903,"LicAge (3.36), LicAgeYears (-1.64), Exposure (1.30), HasKmLimit (-1.24), BonusMalus (0.41)",0.0952188670635223
20854,"Exposure (1.27), LicAgeYears (0.73), VehUsage (0.68), RiskArea (0.59), LicAge (-0.38)",0.0943554118275642
20543,"Exposure (1.39), LicAge (-1.33), OutUseNb_bucket (1.19), VehUsage (1.04), DrivAge (-0.30)",0.093631774187088
33956,"Exposure (2.06), RiskArea (0.78), VehUsage (-0.65), LicAgeYears (0.52), DrivAge (-0.33)",0.0925275236368179
12139,"Exposure (1.14), ClaimNbFireTheft_bucket (0.76), LicAgeYears (0.65), ClaimNbWindscreen_bucket (-0.42), age_at_license (0.33)",0.092347465455532
2139,"Exposure (1.14), ClaimNbFireTheft_bucket (0.76), LicAgeYears (0.65), ClaimNbWindscreen_bucket (-0.42), age_at_license (0.33)",0.092347465455532
35513,"Exposure (2.01), RiskArea (0.77), DrivAge (-0.35), ClaimNbWindscreen_bucket (0.30), LicAgeYears (-0.27)",0.0923172533512115
20156,"Exposure (0.85), DrivAge (0.82), BonusMalus (-0.51), age_at_license (0.37), RiskArea (0.31)",0.0919242799282074
25548,"Exposure (1.57), LicAge (-0.75), ClaimNbWindscreen_bucket (0.54), LicAgeYears (0.40), LicAge_yrs (-0.20)",0.090233601629734
29444,"Exposure (2.10), LicAgeYears (-0.87), LicAge (0.74), ClaimNbNonResp_bucket (0.62), DrivAge (-0.33)",0.0882278829813003
32030,"Exposure (0.81), LicAge (0.68), age_at_license (-0.33), RiskArea (0.29), ClaimNbResp_bucket (0.24)",0.0878009423613548
30958,"Exposure (2.20), BonusMalus (1.15), LicAgeYears (1.15), DrivAge (-0.63), ClaimNbNonResp_bucket (-0.61)",0.086572527885437
36555,"BonusMalus (1.65), MariStat (0.55), LicAgeYears (0.53), DrivAge (-0.47), BM_Band (-0.46)",0.0864959731698036
32322,"BonusMalus (1.49), Exposure (1.30), OutUseNb_bucket (-1.00), LicAge (1.00), RiskArea (1.00)",0.0856772437691688
20325,"Exposure (1.18), RiskArea (1.01), LicAgeYears (0.96), BonusMalus (0.66), LicAge (-0.62)",0.0856335312128067
39384,"Exposure (2.38), LicAge (1.40), age_at_license (-0.73), LicAgeYears (-0.62), DrivAge (-0.55)",0.0854695439338684
19169,"Exposure (1.48), DrivAge (0.72), LicAgeYears (-0.63), age_at_license (0.48), ClaimNbWindscreen_bucket (-0.48)",0.0852867513895034
9169,"Exposure (1.48), DrivAge (0.72), LicAgeYears (-0.63), age_at_license (0.48), ClaimNbWindscreen_bucket (-0.48)",0.0852867513895034
22636,"Exposure (0.88), LicAgeYears (0.62), BonusMalus (0.52), LicAge (0.42), MariStat (-0.37)",0.0846790820360183
36521,"Exposure (2.97), MariStat (-1.03), ClaimNbParking_bucket (0.88), LicAgeYears (-0.87), LicAge (0.84)",0.0805330723524093
40465,"Exposure (2.41), LicAgeYears (1.34), DrivAge (-0.96), MariStat (-0.74), ClaimNbFireTheft_bucket (0.70)",0.0789106041193008
20638,"Exposure (1.14), LicAge (-0.85), VehUsage (0.56), LicAgeYears (0.56), ClaimNbWindscreen_bucket (0.52)",0.0780895799398422
26649,"LicAgeYears (-1.51), LicAge (1.09), Exposure (0.88), age_at_license (-0.59), VehUsage (0.58)",0.0761904194951057
25993,"Exposure (1.41), age_at_license (-0.94), LicAgeYears (0.73), BonusMalus (0.51), ClaimNbWindscreen_bucket (0.50)",0.0759672448039054
26874,"Exposure (1.44), LicAgeYears (0.90), BonusMalus (-0.50), DrivAge (0.24), age_at_license (-0.12)",0.0733886957168579
5004,"Exposure (3.20), LicAge (-1.11), ClaimNbWindscreen_bucket (0.66), LicAgeYears (0.60), RiskArea (-0.59)",0.0731755197048187
38255,"LicAgeYears (0.95), Exposure (0.93), RiskArea (0.63), LicAge (-0.56), ClaimNbWindscreen_bucket (-0.36)",0.0689122006297111
24456,"Exposure (1.66), DrivAge (0.51), ClaimNbWindscreen_bucket (-0.31), age_at_license (-0.30), RiskArea (0.25)",0.0668544173240661
29175,"Exposure (3.27), LicAge (-1.11), LicAgeYears (0.95), DrivAge (-0.93), BonusMalus (-0.58)",0.0662289932370185
36329,"Exposure (2.03), LicAge (0.55), RiskArea (-0.49), ClaimNbWindscreen_bucket (0.35), ClaimNbResp_bucket (-0.34)",0.0658558905124664
24197,"Exposure (1.95), LicAge (-1.01), VehUsage (-0.91), age_at_license (0.73), LicAgeYears (0.52)",0.0647014752030372
28205,"age_at_license (0.54), BonusMalus (0.52), Exposure (0.47), RiskArea (-0.36), ClaimNbWindscreen_bucket (-0.31)",0.0634851157665252
42226,"DrivAge (1.22), Exposure (0.80), HasKmLimit (-0.57), OutUseNb_bucket (0.42), LicAge (0.34)",0.0600277744233608
41965,"DrivAge (1.00), Exposure (0.97), LicAge (-0.73), LicAgeYears (0.56), age_at_license (0.43)",0.0596697069704532
36823,"Exposure (1.62), LicAge (-0.79), BonusMalus (0.49), LicAgeYears (0.42), VehUsage (-0.21)",0.0584773272275924
33968,"ClaimNbFireTheft_bucket (1.40), Exposure (0.83), LicAgeYears (-0.78), age_at_license (-0.70), RiskArea (-0.68)",0.055306602269411
25618,"Exposure (1.64), ClaimNbParking_bucket (0.54), DrivAge (-0.41), LicAgeYears (-0.27), RiskArea (0.27)",0.0550218597054481
23936,"Exposure (0.69), age_at_license (-0.52), RiskArea (0.49), LicAgeYears (0.35), ClaimNbResp_bucket (0.34)",0.0547529458999633
25853,"Exposure (2.19), RiskArea (-0.52), VehUsage (-0.45), DrivAge (0.24), ClaimNbResp_bucket (0.17)",0.0542203783988952
22209,"Exposure (2.06), LicAge (-1.10), LicAgeYears (0.91), ClaimNbParking_bucket (0.30), ClaimNbNonResp_bucket (-0.28)",0.0537480525672435
21130,"Exposure (1.38), BonusMalus (-0.90), age_at_license (0.74), LicAgeYears (0.60), ClaimNbResp_bucket (-0.59)",0.0534457936882972
941,"Exposure (0.88), age_at_license (0.79), DrivAge (0.67), RiskArea (-0.51), ClaimNbWindscreen_bucket (-0.33)",0.0532247759401798
25871,"Exposure (1.20), VehUsage (0.64), BonusMalus (-0.54), LicAgeYears (0.52), age_at_license (-0.45)",0.0528952404856681
27243,"Exposure (1.50), age_at_license (-0.97), BonusMalus (0.85), LicAgeYears (0.61), OutUseNb_bucket (0.44)",0.0516504906117916
20890,"Exposure (1.34), LicAge (0.79), LicAgeYears (-0.50), DrivAge (-0.41), age_at_license (-0.41)",0.0507007762789726
2291,"Exposure (1.46), age_at_license (0.79), LicAge (-0.35), ClaimNbNonResp_bucket (-0.23), DrivAge (0.17)",0.0503939613699913
12291,"Exposure (1.46), age_at_license (0.79), LicAge (-0.35), ClaimNbNonResp_bucket (-0.23), DrivAge (0.17)",0.0503939613699913
33118,"LicAge (2.09), LicAgeYears (-1.28), DrivAge (0.43), VehUsage (-0.35), BonusMalus (0.21)",0.0494236685335636
1817,"Exposure (2.21), MariStat (-1.16), RiskArea (0.95), DrivAge (-0.88), LicAgeYears (0.40)",0.0486817508935928
26331,"Exposure (1.55), DrivAge (-1.21), LicAge (1.19), RiskArea (-0.62), BonusMalus (0.51)",0.0486401952803134
27105,"Exposure (1.09), LicAgeYears (0.93), LicAge (-0.72), age_at_license (0.62), RiskArea (-0.37)",0.0485453903675079
5367,"Exposure (2.70), ClaimNbWindscreen_bucket (-1.97), DrivAge (-0.92), age_at_license (0.85), BonusMalus (0.82)",0.0484065487980842
32764,"Exposure (1.00), RiskArea (0.61), age_at_license (-0.46), BonusMalus (-0.45), LicAgeYears (0.37)",0.0475523881614208
37593,"Exposure (1.72), RiskArea (-0.53), DrivAge (0.43), LicAge (-0.43), BonusMalus (0.30)",0.0444558449089527
36386,"Exposure (3.07), LicAgeYears (-1.23), LicAge (0.73), RiskArea (-0.56), VehUsage (-0.55)",0.0441652052104473
5567,"Exposure (1.94), age_at_license (-1.25), LicAgeYears (0.85), RiskArea (-0.39), ClaimNbResp_bucket (0.23)",0.0440312214195728
15567,"Exposure (1.94), age_at_license (-1.25), LicAgeYears (0.85), RiskArea (-0.39), ClaimNbResp_bucket (0.23)",0.0440312214195728
20512,"Exposure (1.05), LicAge (-0.65), VehUsage (0.56), ClaimNbWindscreen_bucket (-0.24), age_at_license (0.24)",0.0435834527015686
23959,"Exposure (2.70), RiskArea (-0.90), ClaimNbResp_bucket (-0.70), LicAgeYears (0.60), DrivAge (-0.29)",0.0434010028839111
36533,"VehUsage (0.44), DrivAge (-0.41), Exposure (0.34), ClaimNbWindscreen_bucket (0.32), ClaimNbResp_bucket (0.18)",0.0424114987254142
36910,"Exposure (1.69), LicAgeYears (-1.36), LicAge (1.17), DrivAge (0.90), BonusMalus (-0.56)",0.042398989200592
25517,"Exposure (1.24), LicAgeYears (0.78), LicAge (-0.69), BonusMalus (0.65), ClaimNbResp_bucket (-0.58)",0.0419654101133346
34925,"LicAge (1.08), LicAgeYears (-0.88), Exposure (0.75), VehUsage (-0.68), age_at_license (0.46)",0.0413304343819618
42362,"LicAge (1.09), Exposure (1.03), LicAgeYears (-0.75), DrivAge (-0.66), RiskArea (0.45)",0.0401209592819213
35609,"LicAgeYears (-1.34), DrivAge (1.34), LicAge (0.98), Exposure (0.75), RiskArea (0.66)",0.0396442748606205
12626,"Exposure (2.16), LicAge (-1.42), LicAgeYears (1.21), age_at_license (-0.40), RiskArea (-0.26)",0.0388333275914192
40814,"Exposure (1.45), LicAge (-1.01), DrivAge (-0.76), BonusMalus (0.75), LicAgeYears (0.63)",0.038024328649044
11856,"Exposure (1.98), OutUseNb_bucket (-1.35), LicAgeYears (0.82), RiskArea (-0.70), LicAge (0.35)",0.0364616028964519
38313,"Exposure (1.29), DrivAge (0.57), LicAge (-0.50), LicAgeYears (0.24), age_at_license (0.23)",0.0362365581095218
25699,"Exposure (0.98), BonusMalus (0.79), age_at_license (0.72), LicAge (-0.63), LicAgeYears (0.50)",0.0357634909451007
39976,"Exposure (1.17), LicAgeYears (1.11), LicAge (-0.62), ClaimNbWindscreen_bucket (-0.40), ClaimNbNonResp_bucket (0.40)",0.0347136631608009
39209,"Exposure (3.25), LicAge (-1.45), ClaimNbFireTheft_bucket (-0.97), age_at_license (0.90), RiskArea (-0.80)",0.0340942628681659
22536,"Exposure (0.75), age_at_license (-0.73), LicAge (-0.37), RiskArea (0.35), VehUsage (0.28)",0.033771838992834
31466,"Exposure (2.05), LicAgeYears (-1.36), LicAge (1.35), RiskArea (-1.25), DrivAge (0.81)",0.0330293402075767
40563,"age_at_license (-1.05), LicAgeYears (1.05), LicAge (-0.91), RiskArea (0.78), Exposure (0.76)",0.0326285324990749
41974,"Exposure (1.11), VehUsage (0.50), LicAgeYears (-0.46), OutUseNb_bucket (-0.42), DrivAge (-0.42)",0.0316719859838485
25981,"Exposure (3.55), age_at_license (-0.80), BonusMalus (-0.48), ClaimNbNonResp_bucket (-0.40), VehUsage (-0.26)",0.0307304225862026
4209,"LicAge (0.44), Exposure (-0.35), ClaimNbWindscreen_bucket (0.27), DrivAge (0.25), LicAgeYears (0.18)",0.0298723336309194
33216,"LicAge (-1.79), Exposure (1.71), ClaimNbWindscreen_bucket (-1.43), VehUsage (1.02), LicAgeYears (0.94)",0.0296405274420976
23239,"LicAge (1.56), Exposure (0.89), LicAgeYears (-0.73), VehUsage (-0.53), ClaimNbResp_bucket (-0.46)",0.0295594781637191
30230,"Exposure (1.30), LicAge (0.56), LicAgeYears (-0.53), RiskArea (-0.32), ClaimNbWindscreen_bucket (-0.26)",0.0292478464543819
24929,"Exposure (1.18), age_at_license (0.75), LicAgeYears (0.66), VehUsage (-0.60), LicAge (-0.31)",0.028654446825385
26393,"Exposure (1.70), LicAge (0.97), BonusMalus (0.86), ClaimNbResp_bucket (-0.81), BM_Band (-0.67)",0.0280833821743726
35111,"LicAgeYears (-2.41), Exposure (1.84), LicAge (1.08), ClaimNbWindscreen_bucket (-0.53), DrivAge (0.46)",0.0277341548353433
20909,"RiskArea (0.74), LicAgeYears (0.46), age_at_license (-0.31), ClaimNbResp_bucket (0.22), Exposure (0.16)",0.0274977181106805
41734,"LicAge (-1.13), age_at_license (1.13), DrivAge (0.93), Exposure (-0.57), VehUsage (0.53)",0.0272414665669202
24785,"Exposure (1.92), LicAgeYears (0.69), LicAge (-0.58), ClaimNbNonResp_bucket (0.56), ClaimNbWindscreen_bucket (-0.53)",0.0268210601061582
38908,"age_at_license (1.64), DrivAge (-1.06), Exposure (0.66), LicAgeYears (0.56), OutUseNb_bucket (0.51)",0.0265729948878288
41738,"Exposure (2.35), age_at_license (-1.39), LicAgeYears (-0.50), ClaimNbWindscreen_bucket (-0.38), BonusMalus (0.28)",0.026551516726613
21194,"LicAge (-1.23), Exposure (0.76), LicAgeYears (0.73), RiskArea (0.65), BonusMalus (-0.58)",0.0265469886362552
8117,"Exposure (1.91), BonusMalus (0.90), DrivAge (-0.71), MariStat (-0.61), ClaimNbWindscreen_bucket (0.56)",0.0260658580809831
41982,"LicAgeYears (-1.27), Exposure (0.99), LicAge (0.80), ClaimNbWindscreen_bucket (-0.27), DrivAge (0.27)",0.025600254535675
9423,"Exposure (1.32), LicAgeYears (0.52), BM_Band (-0.25), ClaimNbResp_bucket (-0.20), LicAge (-0.15)",0.025368558242917
25532,"LicAgeYears (-1.00), Exposure (1.00), LicAge (0.68), ClaimNbParking_bucket (0.65), age_at_license (-0.33)",0.0252861138433218
30474,"Exposure (2.91), BonusMalus (-0.74), age_at_license (-0.60), DrivAge (-0.58), LicAgeYears (0.39)",0.0252440273761749
32060,"Exposure (1.81), LicAgeYears (1.21), ClaimNbResp_bucket (-0.70), LicAge (-0.67), age_at_license (-0.66)",0.0245854556560516
24492,"LicAge (-1.05), LicAgeYears (0.93), Exposure (0.53), RiskArea (0.47), ClaimNbWindscreen_bucket (-0.34)",0.0241837371140718
24334,"Exposure (1.58), VehUsage (-0.67), LicAge (-0.62), LicAgeYears (0.49), RiskArea (0.33)",0.0239600501954555
30336,"LicAgeYears (-2.59), LicAge (2.15), Exposure (1.76), DrivAge (-0.51), age_at_license (0.28)",0.0236608870327472
25947,"LicAgeYears (0.88), LicAge (0.60), RiskArea (-0.54), Exposure (-0.36), age_at_license (-0.24)",0.0234835725277662
29248,"MariStat (-0.88), LicAge (0.86), DrivAge (0.54), age_at_license (0.37), ClaimNbNonResp_bucket (0.23)",0.0233912505209445
8918,"Exposure (1.36), LicAge (-0.94), LicAgeYears (0.57), DrivAge (0.42), ClaimNbNonResp_bucket (-0.39)",0.021668566390872
23342,"LicAgeYears (0.98), Exposure (0.79), age_at_license (-0.28), VehUsage (-0.27), LicAge (-0.26)",0.0214959010481834
26209,"Exposure (0.86), DrivAge (-0.40), LicAgeYears (0.34), LicAge (-0.33), ClaimNbNonResp_bucket (-0.30)",0.0214576479047536
21839,"Exposure (1.11), age_at_license (-0.84), LicAgeYears (-0.41), LicAge (0.35), ClaimNbResp_bucket (0.21)",0.0208046175539493
29247,"Exposure (1.26), MariStat (-0.83), BonusMalus (0.75), RiskArea (-0.47), age_at_license (0.42)",0.0201659724116325
25180,"BonusMalus (1.72), MariStat (-1.00), age_at_license (0.73), DrivAge (-0.52), LicAge (-0.29)",0.0193642955273389
40325,"BonusMalus (1.43), LicAge (-0.88), VehUsage (-0.35), LicAgeYears (0.35), MariStat (-0.30)",0.0190405882894992
35367,"Exposure (-0.82), ClaimNbWindscreen_bucket (0.63), BonusMalus (0.61), LicAgeYears (0.59), ClaimNbParking_bucket (-0.55)",0.0189413893967866
35749,"Exposure (2.09), LicAge (-1.26), DrivAge (-0.34), ClaimNbFireTheft_bucket (0.30), RiskArea (-0.28)",0.0181958544999361
2188,"LicAgeYears (-0.76), DrivAge (-0.65), ClaimNbFireTheft_bucket (0.63), ClaimNbWindscreen_bucket (0.52), LicAge (0.46)",0.0178405400365591
31522,"LicAge (-1.01), DrivAge (0.82), Exposure (0.75), age_at_license (0.41), RiskArea (0.36)",0.0172416623681783
26693,"LicAge (2.72), LicAgeYears (-1.61), Exposure (1.00), age_at_license (-0.86), ClaimNbFireTheft_bucket (-0.59)",0.0163847468793392
35835,"LicAge (-1.96), Exposure (1.43), LicAgeYears (0.59), age_at_license (0.56), ClaimNbWindscreen_bucket (-0.44)",0.0157749559730291
33380,"VehUsage (-0.84), ClaimNbWindscreen_bucket (0.50), age_at_license (0.44), ClaimNbResp_bucket (0.33), BonusMalus (0.30)",0.0156498029828071
34551,"Exposure (1.82), ClaimNbParking_bucket (-1.26), LicAge (-1.07), age_at_license (-0.67), LicAgeYears (0.58)",0.0154757676646113
25875,"Exposure (0.76), DrivAge (0.67), LicAge (-0.45), LicAgeYears (-0.41), VehUsage (0.35)",0.0152698876336216
39501,"LicAge (-1.51), Exposure (1.02), LicAgeYears (0.99), age_at_license (-0.27), ClaimNbResp_bucket (0.23)",0.0151731437072157
26841,"Exposure (1.16), LicAge (-0.72), LicAgeYears (0.51), age_at_license (0.38), DrivAge (-0.32)",0.014936389401555
24549,"Exposure (1.94), DrivAge (-1.01), OutUseNb_bucket (-0.88), MariStat (-0.85), LicAgeYears (0.77)",0.0147044984623789
38616,"BonusMalus (-1.31), Exposure (0.87), LicAgeYears (0.73), MariStat (-0.54), ClaimNbWindscreen_bucket (0.30)",0.0146722625941038
14000,"BonusMalus (0.82), Exposure (-0.66), RiskArea (-0.46), ClaimNbWindscreen_bucket (-0.37), age_at_license (0.29)",0.0140541093423962
4000,"BonusMalus (0.82), Exposure (-0.66), RiskArea (-0.46), ClaimNbWindscreen_bucket (-0.37), age_at_license (0.29)",0.0140541093423962
34944,"Exposure (0.91), ClaimNbResp_bucket (-0.51), DrivAge (0.51), age_at_license (0.39), ClaimNbWindscreen_bucket (-0.32)",0.0132466545328497
22351,"Exposure (1.93), RiskArea (-1.57), LicAgeYears (0.59), DrivAge (-0.57), BonusMalus (0.36)",0.0131593309342861
28291,"Exposure (-1.06), VehUsage (0.93), LicAge (-0.82), age_at_license (-0.37), ClaimNbWindscreen_bucket (0.37)",0.0130805009976029
21245,"Exposure (0.90), LicAge (-0.73), age_at_license (-0.58), ClaimNbWindscreen_bucket (-0.56), RiskArea (0.39)",0.0124763567000627
26845,"LicAge (-1.73), Exposure (1.58), age_at_license (0.56), LicAgeYears (0.55), BonusMalus (-0.46)",0.0123896645382046
725,"ClaimNbResp_bucket (-0.92), LicAge (-0.85), BonusMalus (0.79), RiskArea (0.61), Exposure (0.44)",0.0118580143898725
10725,"ClaimNbResp_bucket (-0.92), LicAge (-0.85), BonusMalus (0.79), RiskArea (0.61), Exposure (0.44)",0.0118580143898725
920,"RiskArea (-1.48), Exposure (0.92), LicAgeYears (0.78), age_at_license (-0.73), ClaimNbWindscreen_bucket (-0.58)",0.0115961097180843
38985,"Exposure (1.60), age_at_license (-1.46), ClaimNbNonResp_bucket (0.71), ClaimNbFireTheft_bucket (-0.71), VehUsage (0.61)",0.0115592991933226
27559,"Exposure (1.85), BonusMalus (-0.72), LicAgeYears (0.62), LicAge (-0.57), ClaimNbWindscreen_bucket (-0.45)",0.0115476893261075
39337,"Exposure (2.00), age_at_license (-1.30), BonusMalus (0.97), ClaimNbWindscreen_bucket (-0.90), LicAge (-0.40)",0.0115026170387864
36190,"Exposure (0.58), LicAgeYears (-0.26), VehUsage (-0.21), ClaimNbNonResp_bucket (-0.15), age_at_license (-0.14)",0.0114653641358017
11377,"LicAgeYears (-2.91), LicAge (2.38), Exposure (2.14), RiskArea (-1.48), age_at_license (-0.86)",0.0114445658400654
40978,"LicAge (-1.64), LicAgeYears (1.18), Exposure (0.85), RiskArea (-0.34), ClaimNbWindscreen_bucket (-0.30)",0.0112643418833613
38699,"Exposure (1.53), MariStat (-1.11), ClaimNbParking_bucket (-1.10), LicAgeYears (0.71), ClaimNbNonResp_bucket (0.64)",0.0111901806667447
23697,"VehUsage (-0.62), ClaimNbResp_bucket (-0.51), Exposure (0.38), DrivAge (0.29), ClaimNbWindscreen_bucket (0.27)",0.0111207123845815
38568,"BonusMalus (0.95), Exposure (-0.82), DrivAge (-0.64), LicAgeYears (0.55), RiskArea (0.43)",0.0109207099303603
31052,"Exposure (0.92), RiskArea (-0.52), LicAgeYears (-0.49), DrivAge (-0.36), BonusMalus (0.29)",0.0108396764844655
25071,"Exposure (1.59), LicAge (-1.11), RiskArea (-0.51), age_at_license (0.33), VehUsage (-0.26)",0.010752479545772
30068,"age_at_license (0.79), DrivAge (-0.77), BonusMalus (-0.75), LicAgeYears (0.56), RiskArea (0.36)",0.0106889465823769
38851,"Exposure (1.41), ClaimNbParking_bucket (-0.93), LicAge (-0.59), VehUsage (-0.49), BonusMalus (0.47)",0.0105452192947268
25205,"LicAge (-1.47), ClaimNbWindscreen_bucket (0.43), Exposure (0.34), LicAgeYears (0.31), DrivAge (0.30)",0.0095878709107637
22875,"LicAge (-1.39), LicAgeYears (1.03), Exposure (0.81), age_at_license (-0.77), DrivAge (-0.49)",0.0094173792749643
27420,"age_at_license (-1.20), LicAgeYears (0.77), Exposure (0.45), LicAge (-0.35), DrivAge (0.23)",0.0092676235362887
21876,"Exposure (1.26), age_at_license (-1.03), MariStat (-0.74), LicAge (0.61), RiskArea (0.35)",0.0091765616089105
21494,"Exposure (1.94), LicAge (-1.84), LicAgeYears (0.42), ClaimNbWindscreen_bucket (-0.35), DrivAge (0.27)",0.0090870717540383
33897,"LicAge (-1.45), ClaimNbWindscreen_bucket (0.70), Exposure (-0.52), RiskArea (0.49), BonusMalus (-0.42)",0.0090533858165144
39852,"LicAgeYears (-1.19), LicAge (0.65), Exposure (0.55), ClaimNbNonResp_bucket (-0.48), VehUsage (-0.47)",0.009032460860908
9249,"Exposure (1.86), LicAgeYears (1.05), DrivAge (-0.78), age_at_license (-0.65), LicAge (-0.42)",0.0089054815471172
34810,"LicAge (-2.15), Exposure (1.91), BonusMalus (0.29), ClaimNbResp_bucket (-0.28), LicAgeYears (-0.27)",0.0088488813489675
31597,"LicAgeYears (-3.11), LicAge (2.67), Exposure (0.87), ClaimNbNonResp_bucket (-0.42), BonusMalus (-0.34)",0.00881521217525
21471,"LicAgeYears (-2.17), LicAge (1.85), age_at_license (-0.81), DrivAge (0.36), BonusMalus (0.35)",0.0085108242928981
37132,"Exposure (1.57), ClaimNbNonResp_bucket (-1.08), LicAgeYears (-0.73), LicAge_yrs (0.22), LicAge (0.22)",0.0083575248718261
14505,"Exposure (1.42), LicAge (-1.29), RiskArea (-1.15), LicAgeYears (0.95), HasKmLimit (-0.47)",0.0079376259818673
31525,"Exposure (1.39), LicAgeYears (-1.07), age_at_license (-0.89), LicAge (0.60), RiskArea (0.34)",0.0078904721885919
38107,"Exposure (-0.68), VehUsage (0.61), LicAgeYears (-0.57), RiskArea (0.50), ClaimNbWindscreen_bucket (-0.46)",0.0077246027067303
7570,"LicAgeYears (-2.43), LicAge (2.30), age_at_license (-0.77), Exposure (0.62), RiskArea (-0.49)",0.0077153276652097
2278,"LicAgeYears (1.11), ClaimNbResp_bucket (-0.70), LicAge (-0.68), ClaimNbWindscreen_bucket (-0.30), VehUsage (0.29)",0.0076913805678486
24097,"LicAgeYears (0.80), DrivAge (-0.61), OutUseNb_bucket (-0.55), age_at_license (0.44), Exposure (-0.33)",0.0075100902467966
41524,"LicAge (-0.89), Exposure (0.80), RiskArea (-0.61), VehUsage (-0.55), LicAgeYears (0.47)",0.0075009549036622
30603,"Exposure (-1.19), BonusMalus (1.05), age_at_license (-0.69), RiskArea (0.41), ClaimNbNonResp_bucket (0.37)",0.0074840900488197
35778,"LicAge (-1.22), Exposure (1.09), LicAgeYears (0.65), VehUsage (-0.55), DrivAge (-0.54)",0.0074198134243488
24597,"LicAge (-1.88), Exposure (0.84), LicAgeYears (0.59), BonusMalus (0.43), RiskArea (-0.28)",0.0074111334979534
26158,"Exposure (2.15), age_at_license (-1.26), LicAge (-0.67), DrivAge (-0.55), LicAgeYears (0.51)",0.0071603846736252
27915,"Exposure (1.52), LicAge (-1.11), LicAgeYears (0.89), RiskArea (-0.68), ClaimNbResp_bucket (-0.58)",0.0071512139402329
33384,"LicAge (1.93), LicAgeYears (-1.77), Exposure (1.03), BonusMalus (-0.83), RiskArea (-0.50)",0.0070653809234499
30115,"Exposure (-1.26), LicAge (-1.12), OutUseNb_bucket (0.78), age_at_license (-0.70), DrivAge (0.60)",0.0069927838630974
26118,"Exposure (1.93), age_at_license (-0.78), DrivAge (-0.75), BonusMalus (-0.68), LicAgeYears (0.51)",0.0069627137854695
33105,"BonusMalus (-0.73), Exposure (0.68), LicAgeYears (-0.45), VehUsage (0.41), LicAge (0.38)",0.0068646785803139
35964,"RiskArea (-1.15), DrivAge (0.61), LicAgeYears (-0.51), ClaimNbNonResp_bucket (-0.30), Exposure (0.29)",0.0067937080748379
38946,"LicAge (-1.63), Exposure (1.13), OutUseNb_bucket (0.85), ClaimNbResp_bucket (-0.78), BonusMalus (0.68)",0.0067883851006627
16776,"LicAge (2.66), Exposure (-2.05), LicAgeYears (-1.46), DrivAge (-0.81), age_at_license (0.78)",0.0067159361205995
6776,"LicAge (2.66), Exposure (-2.05), LicAgeYears (-1.46), DrivAge (-0.81), age_at_license (0.78)",0.0067159361205995
35856,"LicAge (-1.10), LicAgeYears (0.77), ClaimNbNonResp_bucket (-0.52), ClaimNbWindscreen_bucket (0.52), Exposure (0.41)",0.0062957075424492
20139,"Exposure (2.12), age_at_license (-0.84), LicAge (-0.51), MariStat (-0.49), DrivAge (-0.48)",0.0062471237033605
20077,"Exposure (2.79), ClaimNbWindscreen_bucket (-1.37), RiskArea (-1.33), LicAge (-0.93), BonusMalus (0.35)",0.0059273764491081
34062,"Exposure (2.41), DrivAge (-1.10), LicAgeYears (0.94), age_at_license (-0.84), LicAge (-0.75)",0.0057418830692768
903,"Exposure (1.87), age_at_license (-1.01), LicAge (-0.83), RiskArea (-0.58), DrivAge (0.32)",0.005731085781008
25586,"age_at_license (-1.27), DrivAge (0.73), LicAgeYears (-0.70), LicAge (0.28), ClaimNbWindscreen_bucket (0.23)",0.0056362026371061
37164,"LicAge (1.89), LicAgeYears (-1.37), Exposure (-0.89), VehUsage (-0.50), ClaimNbWindscreen_bucket (-0.49)",0.0053306780755519
36976,"Exposure (2.11), BonusMalus (-1.23), LicAge (-1.01), VehUsage (-0.53), LicAgeYears (0.45)",0.0052019301801919
39380,"LicAgeYears (-2.21), LicAge (1.94), Exposure (1.23), DrivAge (0.55), ClaimNbNonResp_bucket (-0.51)",0.0051091122440993
24061,"Exposure (1.80), LicAgeYears (0.93), LicAge (-0.71), RiskArea (-0.56), DrivAge (-0.44)",0.0049897809512913
29541,"Exposure (2.09), LicAgeYears (-0.97), ClaimNbNonResp_bucket (0.67), OutUseNb_bucket (-0.59), DrivAge (-0.51)",0.004959309939295
29776,"LicAge (-1.16), Exposure (0.70), LicAgeYears (-0.43), DrivAge (0.25), ClaimNbWindscreen_bucket (-0.22)",0.0049037230201065
11551,"LicAgeYears (0.97), BonusMalus (-0.83), DrivAge (-0.56), Exposure (-0.46), RiskArea (0.36)",0.0048425872810184
1551,"LicAgeYears (0.97), BonusMalus (-0.83), DrivAge (-0.56), Exposure (-0.46), RiskArea (0.36)",0.0048425872810184
39183,"LicAgeYears (-3.24), LicAge (2.51), Exposure (0.98), MariStat (-0.78), DrivAge (0.47)",0.0047525921836495
37244,"Exposure (1.60), LicAge (-1.26), RiskArea (-1.14), LicAgeYears (1.10), DrivAge (-0.86)",0.0047472384758293
29262,"LicAge (-1.09), age_at_license (-0.65), ClaimNbResp_bucket (-0.54), Exposure (0.44), LicAgeYears (0.43)",0.0045422031544148
41379,"Exposure (1.46), LicAge (-1.31), age_at_license (0.93), DrivAge (-0.64), ClaimNbFireTheft_bucket (-0.61)",0.0044537191279232
38709,"age_at_license (-1.68), LicAge (1.63), LicAgeYears (-1.00), Exposure (-0.92), DrivAge (-0.80)",0.0044102915562689
20461,"LicAge (-1.41), Exposure (1.35), age_at_license (-0.70), VehUsage (0.65), LicAgeYears (-0.55)",0.0042724800296127
25851,"age_at_license (-1.20), BonusMalus (0.86), LicAgeYears (0.84), MariStat (-0.52), DrivAge (-0.39)",0.0040538106113672
26877,"LicAge (-1.18), age_at_license (0.71), Exposure (0.60), RiskArea (-0.58), DrivAge (0.46)",0.0040126177482306
24772,"LicAge (-1.80), Exposure (1.21), VehUsage (1.06), RiskArea (-0.83), BM_Band (-0.70)",0.0039426214061677
12368,"RiskArea (-0.72), DrivAge (-0.67), age_at_license (-0.50), OutUseNb_bucket (0.47), ClaimNbNonResp_bucket (0.36)",0.0039244429208338
35697,"LicAge (-1.22), ClaimNbWindscreen_bucket (0.85), Exposure (-0.70), LicAgeYears (0.68), ClaimNbFireTheft_bucket (-0.46)",0.003768780035898
19427,"age_at_license (0.80), LicAge (-0.59), LicAgeYears (-0.47), DrivAge (0.36), RiskArea (-0.36)",0.003763239365071
15660,"RiskArea (-1.13), ClaimNbNonResp_bucket (1.07), LicAge (-1.00), age_at_license (-0.98), ClaimNbWindscreen_bucket (-0.36)",0.0037465277127921
37158,"Exposure (1.80), DrivAge (-1.13), LicAge (-0.73), RiskArea (-0.70), VehUsage (-0.33)",0.0036384458653628
2880,"age_at_license (-0.60), LicAgeYears (0.57), BonusMalus (-0.39), Exposure (-0.24), DrivAge (-0.22)",0.003518080106005
6374,"Exposure (1.69), OutUseNb_bucket (-1.38), age_at_license (-0.92), LicAgeYears (0.84), DrivAge (-0.80)",0.0034496625885367
16374,"Exposure (1.69), OutUseNb_bucket (-1.38), age_at_license (-0.92), LicAgeYears (0.84), DrivAge (-0.80)",0.0034496625885367
31865,"Exposure (1.20), LicAge (-1.16), age_at_license (-1.06), LicAgeYears (0.81), ClaimNbWindscreen_bucket (-0.69)",0.0034268163144588
7197,"LicAge (-0.46), ClaimNbNonResp_bucket (0.44), LicAgeYears (0.39), Exposure (-0.38), ClaimNbWindscreen_bucket (-0.33)",0.0031877597793936
36096,"LicAgeYears (-2.62), LicAge (1.53), DrivAge (0.61), BonusMalus (-0.50), RiskArea (-0.43)",0.0031717570964246
32537,"Exposure (1.60), age_at_license (-1.31), ClaimNbNonResp_bucket (-0.93), BonusMalus (0.76), LicAgeYears (0.72)",0.0031111179850995
37005,"VehUsage (0.88), LicAge (-0.67), LicAgeYears (-0.55), age_at_license (-0.55), DrivAge (-0.40)",0.0030844046268612
23734,"age_at_license (-2.07), ClaimNbParking_bucket (-0.52), RiskArea (0.49), LicAgeYears (-0.47), DrivAge (0.37)",0.0030600822065025
39596,"age_at_license (-1.06), BonusMalus (-0.85), Exposure (0.47), DrivAge (-0.40), RiskArea (0.29)",0.0029815102461725
31978,"LicAgeYears (-2.67), DrivAge (1.24), Exposure (0.99), BonusMalus (0.75), LicAge (-0.71)",0.0029582078568637
26917,"LicAge (-1.04), RiskArea (-0.72), LicAgeYears (0.37), age_at_license (0.21), BonusMalus (0.19)",0.002789843827486
5120,"LicAge (-1.06), Exposure (0.53), ClaimNbWindscreen_bucket (-0.51), LicAgeYears (0.46), BonusMalus (-0.33)",0.0027759452350437
9108,"LicAgeYears (-1.21), LicAge (-0.96), DrivAge (0.67), age_at_license (0.63), VehUsage (-0.43)",0.0027092550881206
19108,"LicAgeYears (-1.21), LicAge (-0.96), DrivAge (0.67), age_at_license (0.63), VehUsage (-0.43)",0.0027092550881206
14344,"DrivAge (-0.76), Exposure (0.62), LicAgeYears (-0.54), LicAge (-0.52), MariStat (0.18)",0.0025991450529545
21311,"LicAge (-1.58), LicAgeYears (0.99), Exposure (0.42), age_at_license (-0.39), ClaimNbWindscreen_bucket (-0.31)",0.0024087673518806
36374,"Exposure (-1.22), LicAge (0.61), ClaimNbWindscreen_bucket (0.56), ClaimNbResp_bucket (-0.47), age_at_license (-0.45)",0.0022387348581105
33268,"HasKmLimit (-1.11), Exposure (1.10), age_at_license (-0.65), BonusMalus (-0.42), LicAge (-0.37)",0.0022082638461142
42398,"LicAge (-2.19), Exposure (1.09), MariStat (-0.64), VehUsage (0.60), BonusMalus (-0.52)",0.0021832347847521
16121,"LicAgeYears (-0.65), DrivAge (-0.43), RiskArea (-0.38), ClaimNbWindscreen_bucket (0.30), age_at_license (-0.29)",0.0020610941573977
27077,"age_at_license (-0.79), ClaimNbFireTheft_bucket (-0.73), DrivAge (0.70), ClaimNbWindscreen_bucket (-0.29), ClaimNbNonResp_bucket (-0.25)",0.0018525981577113
32975,"age_at_license (-0.98), LicAge (-0.70), ClaimNbParking_bucket (-0.63), Exposure (0.41), ClaimNbNonResp_bucket (-0.32)",0.0018489672802388
28923,"Exposure (2.10), LicAge (-2.00), DrivAge (-0.72), ClaimNbNonResp_bucket (-0.43), LicAgeYears (-0.22)",0.0018236404284834
238,"LicAgeYears (-2.31), LicAge (1.23), Exposure (1.01), DrivAge (-0.99), age_at_license (-0.49)",0.0017759865149855
28883,"HasKmLimit (-1.41), Exposure (0.86), age_at_license (-0.40), BonusMalus (-0.28), VehUsage (-0.26)",0.0017484746640548
30757,"LicAge (2.00), LicAgeYears (-1.14), Exposure (-0.75), age_at_license (-0.66), DrivAge (-0.56)",0.0017221473390236
15869,"Exposure (-1.09), DrivAge (-1.09), age_at_license (0.75), BonusMalus (-0.71), ClaimNbWindscreen_bucket (-0.61)",0.0016568255377933
5869,"Exposure (-1.09), DrivAge (-1.09), age_at_license (0.75), BonusMalus (-0.71), ClaimNbWindscreen_bucket (-0.61)",0.0016568255377933
21027,"age_at_license (-0.86), Exposure (-0.73), DrivAge (0.59), LicAge (-0.58), RiskArea (0.44)",0.0015855877427384
20211,"BonusMalus (-1.52), Exposure (-0.66), age_at_license (0.59), LicAgeYears (0.45), ClaimNbFireTheft_bucket (-0.45)",0.0015781131805852
1704,"LicAge (-1.10), Exposure (-0.85), age_at_license (0.84), DrivAge (-0.76), LicAgeYears (0.73)",0.0015703248791396
34677,"age_at_license (-1.21), DrivAge (-0.79), Exposure (-0.39), VehUsage (0.25), ClaimNbNonResp_bucket (-0.22)",0.0015612607821822
22648,"Exposure (2.32), age_at_license (-1.17), LicAge (-1.00), RiskArea (-0.93), DrivAge (-0.93)",0.0015555433928966
40384,"age_at_license (-1.10), LicAgeYears (-0.70), RiskArea (-0.44), ClaimNbResp_bucket (-0.31), Exposure (0.19)",0.0015395252266898
22066,"LicAgeYears (-0.68), RiskArea (-0.66), VehUsage (-0.40), age_at_license (-0.38), DrivAge (-0.27)",0.0014805066166445
30208,"Exposure (1.74), LicAge (-1.50), age_at_license (-0.62), DrivAge (-0.60), RiskArea (-0.45)",0.0014490382745862
30423,"LicAge (-1.25), age_at_license (-1.20), ClaimNbWindscreen_bucket (0.50), LicAgeYears (0.36), RiskArea (-0.36)",0.0014484808780252
36556,"ClaimNbParking_bucket (-1.04), Exposure (0.78), MariStat (-0.70), LicAge (0.52), LicAgeYears (0.48)",0.0013483704533427
29039,"RiskArea (-1.09), LicAge (-0.72), LicAgeYears (-0.51), age_at_license (-0.45), Exposure (0.38)",0.0013481843052431
34142,"RiskArea (-0.78), age_at_license (-0.64), DrivAge (-0.32), BonusMalus (0.26), LicAgeYears (-0.20)",0.0013012784766033
10982,"age_at_license (-1.96), Exposure (-1.96), LicAgeYears (1.05), RiskArea (0.65), VehUsage (0.48)",0.0012776014627888
982,"age_at_license (-1.96), Exposure (-1.96), LicAgeYears (1.05), RiskArea (0.65), VehUsage (0.48)",0.0012776014627888
6326,"age_at_license (1.49), DrivAge (-1.15), ClaimNbParking_bucket (-0.97), ClaimNbNonResp_bucket (0.75), HasKmLimit (-0.58)",0.0012711326126009
16326,"age_at_license (1.49), DrivAge (-1.15), ClaimNbParking_bucket (-0.97), ClaimNbNonResp_bucket (0.75), HasKmLimit (-0.58)",0.0012711326126009
39460,"LicAge (-1.15), Exposure (0.99), VehUsage (-0.80), RiskArea (-0.74), LicAgeYears (0.60)",0.0012076826533302
32402,"Exposure (-2.65), LicAge (2.06), LicAgeYears (-0.87), VehUsage (-0.57), DrivAge (-0.53)",0.0011998866684734
27300,"LicAge (-1.73), age_at_license (-1.02), Exposure (-0.94), ClaimNbWindscreen_bucket (0.46), LicAgeYears (0.45)",0.0011673548724502
21197,"ClaimNbParking_bucket (-1.95), DrivAge (-1.21), Exposure (0.58), VehUsage (0.45), age_at_license (-0.40)",0.0010477344039827
25359,"LicAge (-1.08), BonusMalus (0.56), VehUsage (-0.45), ClaimNbWindscreen_bucket (-0.44), MariStat (-0.42)",0.0010470553534105
22371,"LicAge (-1.11), LicAgeYears (0.77), DrivAge (-0.75), RiskArea (-0.73), age_at_license (-0.69)",0.0010237200185656
40267,"RiskArea (-0.99), LicAge (-0.91), Exposure (-0.22), VehUsage (0.21), age_at_license (-0.20)",0.0009538675076328
34689,"LicAge (-2.60), LicAgeYears (0.86), VehUsage (0.77), age_at_license (-0.77), ClaimNbResp_bucket (-0.72)",0.000900532468222
17224,"LicAge (-2.32), LicAgeYears (0.60), Exposure (0.60), ClaimNbParking_bucket (-0.57), LicAge_yrs (-0.34)",0.0008895255159586
12071,"Exposure (-1.33), RiskArea (0.75), DrivAge (-0.60), LicAgeYears (-0.45), LicAge (-0.39)",0.0008720314363017
35598,"Exposure (-3.05), BonusMalus (1.83), age_at_license (-1.09), DrivAge (-0.41), OutUseNb_bucket (-0.40)",0.0008218219154514
20488,"Exposure (-1.13), MariStat (-0.60), LicAge (-0.60), age_at_license (-0.41), BM_Band (0.29)",0.000816962274257
39668,"LicAge (-1.01), Exposure (-0.69), RiskArea (-0.69), ClaimNbResp_bucket (-0.56), DrivAge (0.27)",0.0007904578233137
28578,"RiskArea (-2.35), BonusMalus (1.78), Exposure (-1.64), LicAgeYears (1.33), DrivAge (-1.05)",0.000618616992142
38151,"LicAgeYears (-2.35), LicAge (1.94), Exposure (-1.30), RiskArea (-1.06), ClaimNbWindscreen_bucket (0.73)",0.0006133769056759
21427,"age_at_license (-1.55), LicAgeYears (0.88), Exposure (-0.78), DrivAge (-0.66), ClaimNbWindscreen_bucket (-0.61)",0.0005908723105676
41850,"LicAge (-1.71), Exposure (1.49), RiskArea (-1.30), LicAgeYears (1.19), DrivAge (-0.74)",0.000574167992454
6030,"LicAge (-1.83), Exposure (1.25), ClaimNbResp_bucket (-1.23), LicAgeYears (0.96), RiskArea (-0.69)",0.0005598347052
16014,"age_at_license (-2.34), LicAgeYears (1.08), LicAge (-1.06), ClaimNbWindscreen_bucket (-0.53), VehUsage (0.40)",0.0005307161482051
25396,"LicAge (-1.39), RiskArea (-0.61), BonusMalus (-0.57), LicAgeYears (0.49), VehUsage (-0.34)",0.0005127334734424
36415,"Exposure (-3.05), LicAge (1.22), age_at_license (-0.93), ClaimNbParking_bucket (0.43), LicAgeYears (-0.40)",0.0004700362915173
23389,"Exposure (-4.59), age_at_license (1.37), ClaimNbWindscreen_bucket (-0.72), LicAge (-0.58), LicAgeYears (0.43)",0.0004468247061595
4412,"LicAge (-1.03), BonusMalus (-0.79), age_at_license (-0.71), Exposure (-0.50), LicAgeYears (0.42)",0.0004148308653384
40265,"LicAge (-1.49), RiskArea (-1.42), HasKmLimit (-1.34), Exposure (1.15), age_at_license (0.73)",0.0003868003841489
35242,"Exposure (-2.24), age_at_license (0.46), ClaimNbWindscreen_bucket (-0.45), LicAgeYears (0.39), OutUseNb_bucket (-0.37)",0.0003522036713548
33370,"LicAgeYears (-2.08), age_at_license (-1.22), LicAge (1.19), Exposure (0.68), RiskArea (-0.66)",0.0003311144246254
31730,"Exposure (-1.63), HasKmLimit (-1.10), age_at_license (0.93), LicAge (-0.79), RiskArea (-0.70)",0.0003285864659119
23822,"RiskArea (-1.16), LicAge (-1.12), DrivAge (-0.64), HasKmLimit (-0.49), Exposure (0.30)",0.0003056955465581
34259,"LicAgeYears (-3.64), Exposure (2.56), LicAge (-1.22), BonusMalus (-0.48), ClaimNbNonResp_bucket (0.43)",0.0003000974829774
42338,"LicAgeYears (-1.25), DrivAge (-0.74), ClaimNbNonResp_bucket (-0.50), ClaimNbResp_bucket (-0.43), ClaimNbWindscreen_bucket (-0.29)",0.0002998715499415
9575,"Exposure (-1.04), age_at_license (-0.90), DrivAge (-0.87), LicAge (-0.75), OutUseNb_bucket (-0.70)",0.0002959788544103
37872,"Exposure (-1.79), LicAge (-1.31), MariStat (-0.93), BonusMalus (-0.62), LicAgeYears (0.51)",0.0002780858485493
1470,"BonusMalus (-1.46), LicAge (-1.01), MariStat (-0.58), ClaimNbWindscreen_bucket (-0.54), RiskArea (-0.44)",0.0002773494925349
11470,"BonusMalus (-1.46), LicAge (-1.01), MariStat (-0.58), ClaimNbWindscreen_bucket (-0.54), RiskArea (-0.44)",0.0002773494925349
38129,"LicAge (-1.51), age_at_license (-1.08), RiskArea (-0.40), LicAge_yrs (-0.29), ClaimNbWindscreen_bucket (-0.26)",0.0002609573421068
23737,"LicAge (-1.22), BonusMalus (-1.02), age_at_license (-0.84), RiskArea (-0.78), LicAgeYears (0.73)",0.0002336207107873
24916,"age_at_license (-1.51), LicAgeYears (-1.41), Exposure (1.07), RiskArea (-0.98), LicAge (-0.69)",0.000225874595344
29346,"MariStat (-1.34), ClaimNbParking_bucket (-1.14), age_at_license (-1.12), DrivAge (-0.94), LicAgeYears (0.46)",0.0002085616870317
30348,"age_at_license (-1.04), LicAge (-0.87), Exposure (-0.66), MariStat (-0.45), BonusMalus (-0.40)",0.0002038430538959
22451,"LicAge (-1.79), age_at_license (-1.42), Exposure (1.34), MariStat (-0.81), RiskArea (-0.79)",0.0001987134455703
31716,"Exposure (-1.82), RiskArea (-0.94), DrivAge (-0.70), age_at_license (-0.59), LicAgeYears (-0.47)",0.000194991720491
23989,"ClaimNbResp_bucket (-1.61), Exposure (-1.22), BonusMalus (-0.94), LicAge (-0.87), LicAgeYears (0.41)",0.0001741694286465
34986,"age_at_license (-1.68), LicAge (-0.86), LicAgeYears (-0.60), DrivAge (-0.49), Exposure (-0.31)",0.0001454022421967
25847,"Exposure (1.53), age_at_license (-1.38), ClaimNbParking_bucket (-1.32), DrivAge (-1.29), MariStat (-0.99)",0.0001279177668038
41806,"age_at_license (-1.91), LicAgeYears (-1.14), LicAge (-0.76), Exposure (-0.43), BonusMalus (-0.36)",9.944750490831213e-05
28134,"Exposure (-2.92), LicAge (-0.95), DrivAge (-0.59), VehUsage (-0.49), age_at_license (0.48)",9.461316949455068e-05
30420,"LicAge (-1.35), RiskArea (-1.06), age_at_license (-1.04), Exposure (-0.85), DrivAge (-0.67)",7.838502642698586e-05
42355,"age_at_license (-2.41), ClaimNbWindscreen_bucket (-1.59), LicAge (-0.63), LicAgeYears (-0.49), DrivAge (-0.18)",6.820170528953895e-05
24934,"Exposure (-2.50), LicAge (-2.10), LicAgeYears (0.83), age_at_license (-0.65), RiskArea (-0.53)",5.302069985191338e-05
41979,"Exposure (-2.02), age_at_license (-1.39), LicAge (-1.03), DrivAge (-0.57), ClaimNbParking_bucket (-0.35)",5.030426837038249e-05
27185,"LicAgeYears (-1.70), Exposure (-1.44), age_at_license (-1.35), ClaimNbWindscreen_bucket (-0.70), DrivAge (-0.37)",3.3664815418887883e-05
34413,"ClaimNbResp_bucket (-1.56), LicAgeYears (-1.15), ClaimNbWindscreen_bucket (-0.90), ClaimNbNonResp_bucket (-0.62), Exposure (0.45)",2.6333798814448528e-05
36795,"Exposure (-2.71), age_at_license (-1.64), LicAge (-1.32), ClaimNbResp_bucket (-0.66), LicAgeYears (0.53)",1.3864899301552214e-05
42251,"HasKmLimit (-1.61), LicAgeYears (-1.45), age_at_license (-1.30), BonusMalus (-0.83), RiskArea (-0.67)",1.1327048923703842e-05
